Price,Close,High,Low,Open,Volume
Ticker,AAPL,AAPL,AAPL,AAPL,AAPL
Date,,,,,
2013-01-02,16.612205505371094,16.792842528817417,16.388302274145843,16.75713881786035,560518000
2013-01-03,16.402523040771484,16.63157136489985,16.369239973770377,16.5774106348578,352965200
2013-01-04,15.94564437866211,16.29753820470344,15.910242825897395,16.247310595401558,594333600
2013-01-07,15.85184383392334,16.01523260266168,15.588604218620011,15.794354295338367,484156400
2013-01-08,15.894500732421875,16.093594777872767,15.771657017490847,16.012504772444412,458707200
2013-01-09,15.64609146118164,15.885426756451887,15.61250459651803,15.809480205943103,407604400
2013-01-10,15.840049743652344,15.997689126978319,15.598292069549803,15.992545656109606,601146000
2013-01-11,15.742923736572266,15.89481529942376,15.704193383705423,15.76410359033669,350506800
2013-01-14,15.181640625,15.355620095424676,15.083606087525547,15.209778612094393,734207600
2013-01-15,14.702666282653809,15.09812999343905,14.625811587485023,15.077252327671284,876772400
2013-01-16,15.312956809997559,15.414320140647451,14.9017605133333,14.966510364422787,690804800
2013-01-17,15.209784507751465,15.45396279994599,15.190118773203942,15.440649243090027,453678400
2013-01-18,15.12868881225586,15.195859302085786,15.019761378919029,15.083906869784327,472922800
2013-01-22,15.273019790649414,15.367119580448952,15.026724704329528,15.266665998581484,461546400
2013-01-23,15.552596092224121,15.582248195605722,15.273017963255855,15.39525734551787,861509600
2013-01-24,13.630950927734375,14.091770475642678,13.62338519748696,13.918395351826854,1460852400
2013-01-25,13.309615135192871,13.804322860724108,13.161958986492357,13.666955263708676,1208026400
2013-01-28,13.610677719116211,13.712947583555017,13.187982532280714,13.247589725070716,785517600
2013-01-29,13.866050720214844,13.924448403604545,13.679967994394413,13.873010481756653,571158000
2013-01-30,13.822481155395508,13.997066625833371,13.75198185509041,13.827624624563729,417155200
2013-01-31,13.781933784484863,13.896609050150625,13.766503379617147,13.82701790803804,319334400
2013-02-01,13.725350379943848,13.902658616947337,13.565894806870643,13.891463535873022,539484400
2013-02-04,13.38344669342041,13.795552015620254,13.373764108569613,13.734129329912037,477117200
2013-02-05,13.853035926818848,13.910525443053507,13.380415449283337,13.435786496962928,573347600
2013-02-06,13.838212966918945,14.11506665118181,13.693883982816393,13.81158586345553,593706400
2013-02-07,14.249674797058105,14.303845613517824,13.82055851846453,14.09841942334279,704580800
2013-02-08,14.455409049987793,14.571970026140033,14.250589074644044,14.425584133130878,633158400
2013-02-11,14.606049537658691,14.75852388309253,14.402754202863,14.501662367332312,517490400
2013-02-12,14.2399320602417,14.680612487692951,14.235062555496247,14.593266965322924,609053200
2013-02-13,14.21285343170166,14.414629172604997,14.097509820822792,14.21894031588199,475207600
2013-02-14,14.200069427490234,14.353759570493237,14.121855010442777,14.137071405696473,355275200
2013-02-15,14.004378318786621,14.308715926230319,13.997074060175745,14.268846441645366,391745200
2013-02-19,13.999204635620117,14.082594117013914,13.812343023004011,14.032987241373247,435783600
2013-02-20,13.660173416137695,13.929207118070867,13.658650476529107,13.929207118070867,476302400
2013-02-21,13.575265884399414,13.669915709861739,13.47666080341175,13.573439819232897,447182400
2013-02-22,13.719827651977539,13.743869626296435,13.59170158000987,13.672351579110114,330654800
2013-02-25,13.47605037689209,13.850993414097308,13.469050055411453,13.81234292772407,372579200
2013-02-26,13.663827896118164,13.742042317091093,13.319622356000512,13.50709349099657,501499600
2013-02-27,13.52991771697998,13.769431278444564,13.410618061969373,13.647391307107693,587350400
2013-02-28,13.433442115783691,13.630347476846307,13.433442115783691,13.514091274998094,322515200
2013-03-01,13.100808143615723,13.33545229023924,13.085895680923404,13.329973280785747,552448400
2013-03-04,12.783685684204102,13.031720106709962,12.751729950244613,13.019546338979096,582755600
2013-03-05,13.121196746826172,13.244453318472868,12.80499080493005,12.82720752789702,638433600
2013-03-06,12.95441722869873,13.24627719074285,12.916983302376153,13.223755722315314,460250000
2013-03-07,13.10415267944336,13.147673493677328,12.814423502601027,12.91911546931981,468473600
2013-03-08,13.138848304748535,13.251757168832562,13.044199281649593,13.08041583839446,391482000
2013-03-11,13.326017379760742,13.360712626504837,12.938595657468598,13.078895521454431,474236000
2013-03-12,13.038719177246094,13.356751940814508,13.012546390175167,13.25692948679094,465911600
2013-03-13,13.036284446716309,13.22345164992328,12.945288380174006,13.039328701219823,405549200
2013-03-14,13.16258430480957,13.227711517401687,13.100194158002457,13.172626443142496,303875600
2013-03-15,13.50222396850586,13.519571179008937,13.307143022133543,13.327838424676003,643960800
2013-03-18,13.869254112243652,13.922207554235834,13.427356176016621,13.434964373130354,606197200
2013-03-19,13.831826210021973,14.029036409629125,13.649526847116482,13.984297398178295,526775200
2013-03-20,13.758475303649902,13.927383466068479,13.682695640396657,13.920992645119789,308660800
2013-03-21,13.778258323669434,13.938035360978443,13.69821864876015,13.701870778915927,383255600
2013-03-22,14.057639122009277,14.063420441816024,13.789822773266899,13.834560143995244,395105200
2013-03-25,14.10845947265625,14.302322984183574,14.053679166538364,14.142240444717553,501135600
2013-03-26,14.03420639038086,14.177244090394543,14.01564180189661,14.1650703233006,294294000
2013-03-27,13.758475303649902,13.902122494760098,13.717390061548933,13.89177560611326,331237200
2013-03-28,13.471790313720703,13.750563057315073,13.440139334386963,13.689695851878495,442839600
2013-04-01,13.053328514099121,13.503443430562555,13.017721461462784,13.448662286863758,389732000
2013-04-02,13.080107688903809,13.334228957865685,12.976937054242738,13.013458352059004,529519200
2013-04-03,13.147063255310059,13.308057670956607,13.09593424528309,13.128193915982138,363216000
2013-04-04,13.017114639282227,13.238672387953592,12.941943637578992,13.200935324470837,358447600
2013-04-05,12.879554748535156,12.93281377441764,12.772427195588975,12.919117876541703,383695200
2013-04-08,12.971155166625977,13.01041434351767,12.857942391930123,12.929765174320798,300829200
2013-04-09,12.99459171295166,13.040850407787827,12.865856955757653,12.975723184496825,306614000
2013-04-10,13.259665489196777,13.30136022748009,12.965066881127411,13.028673583475998,375928000
2013-04-11,13.218274116516113,13.32966079572024,13.123015641389566,13.199708721869722,328364400
2013-04-12,13.080412864685059,13.21279891656766,13.058804835775176,13.21279891656766,238613200
2013-04-15,12.777596473693848,13.022283471853232,12.768466149558218,12.995197249918162,317520000
2013-04-16,12.97206974029541,12.983329255984437,12.799510246765234,12.829943852181207,305771200
2013-04-17,12.258702278137207,12.800423536362507,12.115968515993933,12.790379772177893,945056000
2013-04-18,11.931539535522461,12.349698638067487,11.86123725714196,12.32535191917442,666299200
2013-04-19,11.88527774810791,12.161311738983633,11.720021753817734,11.807367287460755,609274400
2013-04-22,12.133009910583496,12.24044217672024,11.907801740531626,11.949494857484959,429920400
2013-04-23,12.3600492477417,12.428524664701891,12.137273344871053,12.294920398156798,664238400
2013-04-24,12.339655876159668,12.637601910134274,11.94523477221678,11.976886565814205,969651200
2013-04-25,12.428518295288086,12.597729529400842,12.386519627653131,12.515254320765616,384837600
2013-04-26,12.696946144104004,12.744726953420379,12.424564243286435,12.472041114807343,764097600
2013-04-29,13.0901517868042,13.196669803487724,12.78216200202314,12.795857082720397,640326400
2013-04-30,13.47544002532959,13.550611803375137,13.149495195724093,13.241709431687404,691538400
2013-05-01,13.369231224060059,13.540877300198945,13.220106620122396,13.526573528243048,506909200
2013-05-02,13.558833122253418,13.652263134305203,13.41001165333619,13.445010017206014,421828400
2013-05-03,13.694564819335938,13.793474633778361,13.669303849225606,13.735040558536655,361300800
2013-05-06,14.021120071411133,14.066465319778137,13.826343058837026,13.868949616086125,496641600
2013-05-07,13.958730697631836,14.17450543761561,13.807779235929232,14.150767404386,483753200
2013-05-08,14.116376876831055,14.162941129620059,13.871994597489742,13.970294922411346,472598000
2013-05-09,13.993223190307617,14.18408013296843,13.956767737461009,14.086354585262626,398487600
2013-05-10,13.876810073852539,14.083291715444599,13.800528814482089,14.029986127945701,334852000
2013-05-13,13.9310302734375,14.027837949060517,13.831773365257314,13.832079314815223,316948800
2013-05-14,13.597726821899414,13.945129417999581,13.545339891598552,13.903772219288008,447118000
2013-05-15,13.13788890838623,13.510106886871684,12.939067467086256,13.453738532852592,741613600
2013-05-16,13.313429832458496,13.413607071551658,12.833070894773375,12.966027284198182,603204000
2013-05-17,13.272995948791504,13.482234492489692,13.204067269655654,13.450373997992848,427904400
2013-05-20,13.569236755371094,13.657159665610129,13.176187094960415,13.231636797923157,451578400
2013-05-21,13.469053268432617,13.647349876309619,13.301785569717172,13.422794348742093,456022000
2013-05-22,13.520829200744629,13.735276162556284,13.424940989732727,13.603544399011472,443038400
2013-05-23,13.545028686523438,13.668182385817701,13.350495480728704,13.35539721817886,353021200
2013-05-24,13.637246131896973,13.652870017359767,13.490503988423423,13.505515156455376,276166800
2013-05-28,13.523588180541992,13.819830084950599,13.50551424462341,13.7827627280056,386145200
2013-05-29,13.631121635437012,13.709241896145093,13.461096196189825,13.479477722726125,330576400
2013-05-30,13.834223747253418,13.923678813776437,13.617632737093261,13.65255679609539,353519600
2013-05-31,13.777551651000977,14.00333263618993,13.770504993731349,13.86240930736192,384302800
2013-06-03,13.807880401611328,13.85812158082416,13.555446616886261,13.808186351217712,372352400
2013-06-04,13.76468563079834,13.921537992934441,13.705866404020881,13.884469004002371,292728800
2013-06-05,13.636017799377441,13.807881320994424,13.593128406379885,13.652560348447548,290589600
2013-06-06,13.432297706604004,13.69392234381122,13.297197183694669,13.647050683737735,416934000
2013-06-07,13.534920692443848,13.578728748463854,13.25797822357118,13.372247944836692,404535600
2013-06-10,13.445466995239258,13.75763869278815,13.381440081554052,13.624376359266646,450153200
2013-06-11,13.405948638916016,13.564026450180753,13.274830392271282,13.348968376929065,286112400
2013-06-12,13.24021053314209,13.517765725374831,13.21907219671221,13.4641541922375,265227200
2013-06-13,13.355708122253418,13.391857631311572,13.134828813772454,13.2497112827605,285832400
2013-06-14,13.174651145935059,13.365814836657243,13.127165968342549,13.338549328204465,271866000
2013-06-17,13.234389305114746,13.347739543941447,13.184148125947436,13.21723403990181,259414400
2013-06-18,13.227343559265137,13.323231765904314,13.179553248796765,13.220910437020644,195025600
2013-06-19,12.958677291870117,13.223977390187793,12.958677291870117,13.216012063732716,310940000
2013-06-20,12.769964218139648,13.04996871212357,12.718803541468361,12.845326823485703,357310800
2013-06-21,12.667638778686523,12.866767795355829,12.502209210878,12.820508051852286,481118400
2013-06-24,12.331880569458008,12.51936799884725,12.19432837982625,12.480767621677487,480746000
2013-06-25,12.334638595581055,12.492715595502881,12.218224743017233,12.428688671932957,314162800
2013-06-26,12.194937705993652,12.400805767809135,12.121106513728623,12.373540262638189,367724000
2013-06-27,12.063518524169922,12.296652218833215,12.056166732115734,12.231093899569538,337246000
2013-06-28,12.147760391235352,12.262335240657386,11.91309460124646,11.989376669044711,578516400
2013-07-01,12.536523818969727,12.629961997129179,12.291442580762004,12.336476901472345,391053600
2013-07-02,12.820511817932129,12.916706818661927,12.544183618524706,12.559194786585117,469865200
2013-07-03,12.891275405883789,12.958060766951505,12.788648131417972,12.893113557602543,240928800
2013-07-05,12.78773021697998,12.96755906767101,12.724316020012736,12.878717511161813,274024800
2013-07-08,12.715128898620605,12.897408682456085,12.58033431430357,12.870143979461094,298138400
2013-07-09,12.938758850097656,12.973988859585022,12.572056220810898,12.670701229031849,352584400
2013-07-10,12.889132499694824,13.013818432307634,12.81315800426086,12.854515197321916,281405600
2013-07-11,13.09010124206543,13.119511677634096,12.902614623598822,12.957144836787844,326292400
2013-07-12,13.066205024719238,13.166688217312261,12.97123628834946,13.101129096085902,279563200
2013-07-15,13.094696044921875,13.217849788137459,13.013819802291659,13.020253744013063,241917200
2013-07-16,13.17924690246582,13.19486996514728,12.994516334256355,13.06650856544715,216538000
2013-07-17,13.182618141174316,13.241132240255038,13.11859122192688,13.163931488693493,198990400
2013-07-18,13.227043151855469,13.322317863104534,13.191813121506248,13.276671634909295,218878800
2013-07-19,13.018412590026855,13.295047478842866,13.00003107227163,13.26808873751561,268721600
2013-07-22,13.060075759887695,13.165460674471019,13.034342453013661,13.156576683224174,207796400
2013-07-23,12.83582592010498,13.079987592919585,12.827247879165608,13.05057798488874,369395600
2013-07-24,13.495099067687988,13.620090152386524,13.334264422023232,13.446695208313072,591936800
2013-07-25,13.43352222442627,13.522364616723038,13.35111377424357,13.50092032446898,229493600
2013-07-26,13.509800910949707,13.511332295132773,13.306076913728555,13.33548652524852,200152400
2013-07-29,13.718123435974121,13.785520718447708,13.485602484221312,13.503983189419873,248057600
2013-07-30,13.887531280517578,14.00486376645513,13.762232652573053,13.784596422360133,309422400
2013-07-31,13.863336563110352,14.010691460425432,13.76836779200558,13.938700007678436,322957600
2013-08-01,13.99046802520752,13.994144329499292,13.885695807033699,13.961978712064374,206250800
2013-08-02,14.169990539550781,14.179488068270736,13.989856532304097,14.03121372971719,274783600
2013-08-05,14.381675720214844,14.419050652685774,14.158039660657899,14.235852293660761,318855600
2013-08-06,14.253009796142578,14.456427025703578,14.15865297070691,14.337869094673438,334857600
2013-08-07,14.244741439819336,14.306625083551477,14.146402335278195,14.208591928708357,298858000
2013-08-08,14.21636962890625,14.311657446732715,14.12200572033851,14.304256291280458,255777200
2013-08-09,14.014077186584473,14.199410782082463,13.989408310883896,14.143286166620818,266865200
2013-08-12,14.412184715270996,14.451963859966673,14.081298449785693,14.08839163419425,364434000
2013-08-13,15.097085952758789,15.254048404441184,14.433462251125901,14.522584077969322,881941200
2013-08-14,15.37247085571289,15.5497857433804,15.215200359940697,15.353352020324447,756372400
2013-08-15,15.354275703430176,15.492736978538794,15.081980935679043,15.308328905201765,490294000
2013-08-16,15.490575790405273,15.509386653089965,15.383570275427592,15.42334943645771,362306000
2013-08-19,15.657403945922852,15.84242790363671,15.54207173626259,15.552555883723638,510518400
2013-08-20,15.451715469360352,15.74467207940937,15.444006344921732,15.718152098457628,358688400
2013-08-21,15.491494178771973,15.63920434280089,15.455721935792019,15.529423856414407,335879600
2013-08-22,15.509992599487305,15.591095659100986,15.363206371157945,15.572284808536322,244207600
2013-08-23,15.450172424316406,15.522023235526913,15.398673963086175,15.519556184202228,222731600
2013-08-26,15.510310173034668,15.733265473773246,15.434141175929065,15.44185030188477,330965600
2013-08-27,15.066863059997559,15.496121782006144,14.9962457701726,15.357042990326581,424188800
2013-08-28,15.138094902038574,15.289199304196144,14.98699214677752,14.98699214677752,307608000
2013-08-29,15.162766456604004,15.310786231787873,15.145189128887127,15.161224961359649,239657600
2013-08-30,15.024620056152344,15.201317303133173,15.002416588165323,15.172022295823194,272297200
2013-09-03,15.066557884216309,15.43722337900255,15.02862819594106,15.20594302455653,331928800
2013-09-04,15.378327369689941,15.487801589753671,15.304009471376405,15.405156977486465,345032800
2013-09-05,15.272857666015625,15.439689971507883,15.22259272493973,15.426429157460404,236367600
2013-09-06,15.363829612731934,15.399600215486254,15.10880431909878,15.37061482835568,359525600
2013-09-09,15.608987808227539,15.662953332827298,15.52603524754134,15.572907586275281,340687200
2013-09-10,15.253434181213379,15.648462257413351,15.094930199066185,15.609914979597205,743195600
2013-09-11,14.422982215881348,14.607388589343316,14.333552404037924,14.40139468736226,898696400
2013-09-12,14.57655143737793,14.660119938361316,14.370555897667963,14.447342476276841,404051200
2013-09-13,14.336324691772461,14.550027678799545,14.330158709825424,14.4732427583138,298835600
2013-09-16,13.880550384521484,14.23487208583623,13.791122218851392,14.216062872744056,543706800
2013-09-17,14.04090404510498,14.176280629309916,13.799755498021707,13.81394022229218,399380800
2013-09-18,14.329541206359863,14.381039672331779,14.205574336225425,14.283284813211377,456862000
2013-09-19,14.564519882202148,14.673376456710853,14.470465614747882,14.515180505584002,404541200
2013-09-20,14.413728713989258,14.757256618780012,14.370247337792367,14.74029687284881,699302800
2013-09-23,15.130084037780762,15.323434708932549,14.882150252960809,15.298456219206058,762106800
2013-09-24,15.082592964172363,15.279026611942168,15.043121782146802,15.260833340033445,364344400
2013-09-25,14.849153518676758,15.099244719467599,14.84607052736999,15.085677581441344,316957200
2013-09-26,14.993783950805664,15.065942761257666,14.922241079988698,14.987000380333182,237221600
2013-09-27,14.886775970458984,14.945983569787778,14.824175763007544,14.918538028834416,228040400
2013-09-30,14.701752662658691,14.853163452307424,14.629592214098821,14.71717091442557,260156400
2013-10-01,15.04743480682373,15.08382298909248,14.752011185564038,14.754170267118884,353883600
2013-10-02,15.096774101257324,15.165849888560773,14.91760985871495,14.97558391552195,289184000
2013-10-03,14.907123565673828,15.182810766248602,14.824788615999784,15.126068590066073,322753200
2013-10-04,14.895407676696777,14.943821502453545,14.758797585649262,14.92100210014427,258868400
2013-10-07,15.040962219238281,15.19206502038437,14.96695231427148,15.004266059945234,312292400
2013-10-08,14.830958366394043,15.130080948695966,14.818623108936814,15.10849342469739,290917200
2013-10-09,15.005193710327148,15.042197848588064,14.748934823970975,14.945060544617911,301725200
2013-10-10,15.0992431640625,15.183737209308214,15.019065635581022,15.151051246614681,278602800
2013-10-11,15.19699764251709,15.22875969525655,14.961091196361417,15.01752376398406,267738800
2013-10-14,15.296599388122559,15.344089297826283,15.090297594570876,15.105099901007867,261898000
2013-10-15,15.37801456451416,15.480395564688573,15.28056931471009,15.341934344589747,320073600
2013-10-16,15.45295238494873,15.496741736511002,15.394978307183674,15.443084176495567,251101200
2013-10-17,15.557491302490234,15.566125985145561,15.408855525452537,15.418106147706013,253593200
2013-10-18,15.692859649658203,15.704269348294638,15.594796847174386,15.603431525285073,290542000
2013-10-21,16.07741355895996,16.168075266153764,15.773972695191421,15.781681822373514,398106800
2013-10-22,16.03145980834961,16.296045331833838,15.666344401172022,16.23313716209302,534063600
2013-10-23,16.18842887878418,16.210324382698147,16.004636750819166,16.004636750819166,313723200
2013-10-24,16.402746200561523,16.42001556552476,16.111024696327522,16.189659101143427,384764800
2013-10-25,16.21927261352539,16.44345992350029,16.193060581925778,16.384560256616112,337792000
2013-10-28,16.340145111083984,16.37468383915743,16.13445917911388,16.3142410650289,550440800
2013-10-29,15.933086395263672,16.62908806125809,15.867095238424579,16.53719286384196,635807200
2013-10-30,16.186573028564453,16.26736650034734,15.94357337995332,16.02344294253342,354163600
2013-10-31,16.118732452392578,16.26644431959762,16.07463512984871,16.189659379117888,275696400
2013-11-01,16.036388397216797,16.18348259472659,15.90717949444654,16.15942967302577,274890000
2013-11-04,16.243619918823242,16.245779000541567,15.998770829342945,16.06938811767254,244627600
2013-11-05,16.203533172607422,16.309614750048386,16.12798177203449,16.17670522022959,265213200
2013-11-06,16.15763282775879,16.279842062229875,16.073264972511797,16.257818724076124,223375600
2013-11-07,15.896149635314941,16.22803686180141,15.892738876307911,16.116064906929996,262620400
2013-11-08,16.146467208862305,16.164147171383085,15.899257501489624,15.960982486353235,279316800
2013-11-11,16.09963607788086,16.180901315109615,15.955714875611935,16.12879237125734,227452400
2013-11-12,16.129404067993164,16.250682316403218,16.036041367944826,16.05682231704272,204276800
2013-11-13,16.148637771606445,16.198886431375957,16.03480221087061,16.067061141455152,197220800
2013-11-14,16.382200241088867,16.416938973031296,16.18709946522147,16.21625574870431,282419200
2013-11-15,16.283864974975586,16.41103539479547,16.26835671041451,16.333182647749815,317920400
2013-11-18,16.086597442626953,16.35210822159513,16.073260861196154,16.28386984928606,244944000
2013-11-19,16.115137100219727,16.233933909374976,16.066129171629363,16.09900763594106,208938800
2013-11-20,15.974004745483398,16.142120881926893,15.953223796684687,16.105208814802005,193916800
2013-11-21,16.164451599121094,16.16662328685719,15.932751898874205,16.054649675713513,262026800
2013-11-22,16.122888565063477,16.19608984968785,16.083496699293672,16.11420347035233,223725600
2013-11-25,16.245098114013672,16.31116480096705,16.16011074159577,16.160730277260605,229311600
2013-11-26,16.544723510742188,16.62971252465814,16.25316080190996,16.256881328266626,401382800
2013-11-27,16.934303283691406,16.935544011283724,16.544723102264626,16.63498479222157,363448400
2013-11-29,17.24789810180664,17.31799675498635,16.99169354585891,17.043492701870196,318127600
2013-12-02,17.09777069091797,17.504098315727855,17.085053643918016,17.30775850685506,472544800
2013-12-03,17.56581687927246,17.56767879872194,17.29782637345686,17.317056820867005,450968000
2013-12-04,17.524883270263672,17.654846637867603,17.395229670551828,17.54039154302175,377809600
2013-12-05,17.614831924438477,17.839398716593333,17.56861687837731,17.76216547140333,447580000
2013-12-06,17.370410919189453,17.57915964134039,17.356454802283626,17.549382174574912,344352400
2013-12-09,17.569232940673828,17.666937349716424,17.397706060555592,17.397706060555592,320493600
2013-12-10,17.54193687438965,17.614208849710977,17.40701063418536,17.48083310502345,278269600
2013-12-11,17.411975860595703,17.71005535030875,17.360178370466343,17.586915178773168,359718800
2013-12-12,17.386539459228516,17.53542347214336,17.370721423231675,17.436168567875,262290000
2013-12-13,17.197023391723633,17.459121746262905,17.173451220894528,17.458190786318706,332822000
2013-12-16,17.29224967956543,17.451680742006758,17.215018089101488,17.215327856971783,282592800
2013-12-17,17.214393615722656,17.352420851576994,17.1644547376167,17.239827706492513,229902400
2013-12-18,17.083494186401367,17.10458655193577,16.712215213313918,17.050305971253188,565863200
2013-12-19,16.887771606445312,17.059608183578217,16.865128749013518,17.044099921724648,320308800
2013-12-20,17.029216766357422,17.10955263702233,16.898943679842784,16.91786436183826,436413600
2013-12-23,17.682758331298828,17.702298551926855,17.455400343725316,17.61793071733835,501306400
2013-12-24,17.607698440551758,17.738281327722458,17.556828595541926,17.67655635573521,167554800
2013-12-26,17.49076271057129,17.664461315345083,17.474633246775657,17.621035835895302,204008000
2013-12-27,17.37258529663086,17.50658060479643,17.354285801399,17.48828110956457,225884400
2013-12-30,17.19982147216797,17.372589153751004,17.131583074960677,17.29101417024678,253629600
2013-12-31,17.401424407958984,17.409488308104425,17.18368088240067,17.188955216431708,223084400
2014-01-02,17.15670394897461,17.27767244413937,17.122274989377967,17.2357991165468,234684800
2014-01-03,16.77983856201172,17.17438003779138,16.762778141738245,17.14832641219072,392467600
2014-01-06,16.871339797973633,16.960359115419386,16.55092889570628,16.67034687137878,412610800
2014-01-07,16.75067710876465,16.93429978495346,16.684920216469802,16.88343162069031,317209200
2014-01-08,16.856760025024414,16.92189573781373,16.70880698915324,16.712527515358698,258529600
2014-01-09,16.641502380371094,16.96222308928534,16.605211503303074,16.960361169172852,279148800
2014-01-10,16.53045654296875,16.774253731516367,16.473694494640075,16.74416649974745,304976000
2014-01-13,16.617002487182617,16.826990342243267,16.4355497229694,16.436480683207197,378492800
2014-01-14,16.94764518737793,16.958190545938862,16.676861715414177,16.694231905466005,332561600
2014-01-15,17.28790283203125,17.37599283695365,17.111103286629625,17.168796292975056,391638800
2014-01-16,17.19144058227539,17.272086228123992,17.11172423983902,17.211601993737542,229278000
2014-01-17,16.770225524902344,17.12382470605538,16.746341926130373,17.1055252112826,426739600
2014-01-21,17.03077507019043,17.061791615248616,16.762473010268188,16.78015297103544,328526800
2014-01-22,17.106454849243164,17.285734225336647,16.99169000816716,17.087843931538615,379985200
2014-01-23,17.251304626464844,17.261230448870354,16.898636445809267,17.057756059094654,403239200
2014-01-24,16.937719345092773,17.233935253095847,16.896775325731788,17.183686603045434,429354800
2014-01-27,17.075124740600586,17.20850049556836,16.927792868393958,17.061788159011268,554878800
2014-01-28,15.710360527038574,15.974007787197941,15.572951135883372,15.780459178115892,1065523200
2014-01-29,15.53200912475586,15.7373454834819,15.465942424246242,15.631265715981087,502810000
2014-01-30,15.50191593170166,15.710354858910902,15.40638321795228,15.58752448099971,678501600
2014-01-31,15.52735424041748,15.55620075130588,15.308681321538657,15.359239743430516,464797200
2014-02-03,15.556200981140137,15.748510504399858,15.48703329537347,15.589700636493012,401464000
2014-02-04,15.781386375427246,15.802168981921895,15.594351199538163,15.690195359363921,376681200
2014-02-05,15.899243354797363,15.982680180417978,15.702592253589758,15.712208302602598,328344800
2014-02-06,15.991931915283203,16.022824168404437,15.84527620117233,15.915484503915383,257765200
2014-02-07,16.215654373168945,16.317064860285782,16.1438879770113,16.26870011511132,370280400
2014-02-10,16.50615882873535,16.59976878081417,16.163236181805534,16.183829904662907,345559200
2014-02-11,16.723636627197266,16.77948861177751,16.52206222217294,16.556698918064466,282256800
2014-02-12,16.722389221191406,16.835969604133805,16.638766210005155,16.754529613306932,308100800
2014-02-13,16.987930297851562,17.00103508634613,16.668721046770695,16.683073989713687,307398000
2014-02-14,16.974197387695312,17.036293482460252,16.887454827493517,16.926769189399284,272924400
2014-02-18,17.036609649658203,17.198864757191917,17.02475134709974,17.03692127171813,260251600
2014-02-19,16.767637252807617,17.064691382122465,16.673404080077663,16.997915944185458,313768000
2014-02-20,16.573549270629883,16.756088086313543,16.506462227277353,16.630962701615644,305858000
2014-02-21,16.389450073242188,16.6802633467304,16.369167983359915,16.62472131602001,278784800
2014-02-24,16.46122169494629,16.53517444098037,16.301151277779002,16.323929683420083,288909600
2014-02-25,16.2899169921875,16.524251764585255,16.256841729157436,16.518324280173832,231952000
2014-02-26,16.14295196533203,16.381656145347907,16.088346444847538,16.33828401761201,276217200
2014-02-27,16.4649715423584,16.499606591719925,16.1023900354261,16.136401840539108,301882000
2014-02-28,16.42034339904785,16.623475933329292,16.291785169643717,16.50895902351346,371968800
2014-03-03,16.467777252197266,16.557954350361356,16.313321017257415,16.332354960695902,238781200
2014-03-04,16.576364517211914,16.620049936698454,16.46809000087705,16.56887725458544,259140000
2014-03-05,16.611312866210938,16.685887201859245,16.510525612421187,16.566380958274014,200062800
2014-03-06,16.561065673828125,16.676205809913707,16.47837754529936,16.624719868377536,185488800
2014-03-07,16.55139923095703,16.599452347983533,16.4144171851568,16.571681325815177,220729600
2014-03-10,16.566377639770508,16.64157687099116,16.485872501706652,16.486497412217393,178584000
2014-03-11,16.727699279785156,16.81038745376537,16.618488232425882,16.70773046904745,279224400
2014-03-12,16.743925094604492,16.76701512534068,16.600079002431578,16.678399466820302,199326400
2014-03-13,16.55794906616211,16.83908875315434,16.51145573290534,16.769818685884896,257742800
2014-03-14,16.371978759765625,16.565437682471323,16.319244655701418,16.499910413076073,237199200
2014-03-17,16.435949325561523,16.536734900958045,16.40817830019805,16.465905038248824,199544800
2014-03-18,16.58135223388672,16.599138018526048,16.38789328978957,16.40973515986056,209647200
2014-03-19,16.576984405517578,16.732375470255672,16.506464511497473,16.608188267125556,224756000
2014-03-20,16.497106552124023,16.620983817438457,16.45498258273303,16.534237902941733,208398400
2014-03-21,16.62723159790039,16.654691014377775,16.423164039763037,16.597900781695852,374046400
2014-03-24,16.824432373046875,16.865308198358314,16.695562455854592,16.80040580656066,355700800
2014-03-25,17.005403518676758,17.02911845420789,16.836905993811367,16.896505787871583,282293200
2014-03-26,16.842838287353516,17.13053212117025,16.81413239488691,17.053148194055908,299768000
2014-03-27,16.770437240600586,16.896499129158656,16.697422730670755,16.8503174307977,222031600
2014-03-28,16.75172233581543,16.81662470658658,16.670282333711107,16.797279144096986,200564000
2014-03-31,16.74797821044922,16.874975010764288,16.72270183276182,16.825673742707743,168669200
2014-04-01,16.90118408203125,16.90804976458361,16.74891257501562,16.779803147217827,200760000
2014-04-02,16.92926597595215,16.958285148449292,16.857811221300434,16.923961736486294,180420800
2014-04-03,16.811946868896484,16.927710298502905,16.776063671889013,16.893075256167734,162344000
2014-04-04,16.59446144104004,16.849703266317746,16.55577030848996,16.843775780811647,275251200
2014-04-07,16.33391571044922,16.56575588770944,16.284616094250243,16.475890406274807,289850400
2014-04-08,16.33298110961914,16.41660581825584,16.18507725933318,16.3875866345605,243888400
2014-04-09,16.547658920288086,16.552963161857033,16.288672618309928,16.308018185502487,206169600
2014-04-10,16.334230422973633,16.60756968917281,16.32455680557963,16.558891646503348,239652000
2014-04-11,16.21346664428711,16.31394056958976,16.136394363172425,16.19443104067256,271717600
2014-04-14,16.278051376342773,16.29302755655539,16.13857309575795,16.284915389505763,205674000
2014-04-15,16.161985397338867,16.27681229783522,15.955108336774918,16.23406508204077,266490000
2014-04-16,16.194747924804688,16.259650298838192,16.042788015550027,16.164792213822423,214765600
2014-04-17,16.379779815673828,16.467773874787323,16.200673810835955,16.225636900857925,284334400
2014-04-21,16.574176788330078,16.60444245162793,16.349200691340414,16.392261187960635,182548800
2014-04-22,16.590715408325195,16.594771494045997,16.428458648069267,16.484935558982848,202563200
2014-04-23,16.373849868774414,16.572926315686175,16.364487878210387,16.508335579790543,394940000
2014-04-24,17.71621322631836,17.785796596051753,17.49654301409435,17.72994292703762,759911600
2014-04-25,17.846324920654297,17.847883030329186,17.597323996759695,17.61510811061042,390275200
2014-04-28,18.537485122680664,18.589282718371337,17.865367866472216,17.873170084502124,669485600
2014-04-29,18.48256492614746,18.596456970451133,18.394572510969077,18.52656196695082,337377600
2014-04-30,18.412662506103516,18.704100706720308,18.40361380390926,18.49223109401721,456640800
2014-05-01,18.456039428710938,18.559632921844322,18.296278981727944,18.47226377117288,244048000
2014-05-02,18.490360260009766,18.540911349176916,18.400808093180906,18.48287299962974,191514400
2014-05-05,18.751846313476562,18.753096134607343,18.409860257103517,18.414229631776724,287067200
2014-05-06,18.547470092773438,18.859500484444844,18.547470092773438,18.778060460565044,374564400
2014-05-07,18.48256492614746,18.637332790989937,18.339030454686373,18.5736785615904,282864400
2014-05-08,18.449609756469727,18.651053215932542,18.399719773147538,18.45776723459724,230297200
2014-05-09,18.372739791870117,18.395017018673684,18.20926174628198,18.341361645947387,291597600
2014-05-12,18.601486206054688,18.627528817616298,18.43110575881664,18.433931049537495,213208800
2014-05-13,18.630661010742188,18.655135127219918,18.5346480714948,18.575437148467376,159737200
2014-05-14,18.634109497070312,18.744872238912425,18.567276152144764,18.58892665026271,166404000
2014-05-15,18.475656509399414,18.71977261630597,18.451182393778073,18.660156653461407,230846000
2014-05-16,18.748327255249023,18.748953980294893,18.36834587082113,18.469694348826906,276256400
2014-05-19,18.970483779907227,19.056457404863107,18.74268258021661,18.758999219651272,317755200
2014-05-20,18.974246978759766,19.02727395616173,18.849364458727408,18.96797134892882,234836000
2014-05-21,19.024446487426758,19.036682706316405,18.89109315094096,18.946630369023776,196859600
2014-05-22,19.054569244384766,19.135524020949465,18.955104294730983,19.03354714394999,200760000
2014-05-23,19.269826889038086,19.288653783695462,19.029476065655146,19.053950190841704,232209600
2014-05-27,19.63066291809082,19.6378786356464,19.316888127238197,19.324732245649173,348866000
2014-05-28,19.579832077026367,19.76244872568526,19.572614683394924,19.642900065582907,315481600
2014-05-29,19.936595916748047,19.98334894977453,19.697813598179025,19.70032385063328,376474000
2014-05-30,19.861913681030273,20.212398798720244,19.73326578704751,20.018172669686205,564020800
2014-06-02,19.72542381286621,19.91933660042837,19.532452788786053,19.89203886533627,369350800
2014-06-03,20.004369735717773,20.042023520044033,19.712873810602627,19.719462803925765,292709200
2014-06-04,20.232799530029297,20.329129213666597,19.959502070968828,20.001234600173024,335482000
2014-06-05,20.312177658081055,20.375560676008615,20.163449433325802,20.27609404648434,303805600
2014-06-06,20.25632667541504,20.434866245234236,20.22181322576047,20.39219196338809,349938400
2014-06-09,20.580455780029297,20.619991409076416,20.152154528465132,20.360813768819867,301660000
2014-06-10,20.701265335083008,20.87697966339404,20.55190865873944,20.80669426721683,251108000
2014-06-11,20.615598678588867,20.81327681780668,20.529938430883732,20.674901282486456,182724000
2014-06-12,20.27076530456543,20.672710664368687,20.185105037818623,20.655138897924243,218996000
2014-06-13,20.04892349243164,20.30370904220803,19.961066348517864,20.25099375041838,218100000
2014-06-16,20.25098991394043,20.371793673402987,20.086258428710757,20.09943808702915,142244000
2014-06-17,20.224639892578125,20.360816887918332,20.16314038813599,20.2751566244831,118904000
2014-06-18,20.24659538269043,20.270756131684397,20.06429215873055,20.266362354193607,134056000
2014-06-19,20.176315307617188,20.272958328899,20.062100523241302,20.270761439578354,142112000
2014-06-20,19.9676570892334,20.327869872424614,19.965460199800283,20.174119451083808,403592000
2014-06-23,19.950084686279297,20.123602079753798,19.89956628534952,20.05770880475593,174776000
2014-06-24,19.829282760620117,20.14995993239356,19.809515781714676,19.93251478575497,156144000
2014-06-25,19.84686279296875,19.92154031203302,19.690917083390612,19.813916138666563,147476000
2014-06-26,19.9654598236084,19.99840646154176,19.723853938323096,19.849049821881383,130516000
2014-06-27,20.20267105102539,20.207063153517794,19.936902767511317,19.94788553734543,256116000
2014-06-30,20.41132926940918,20.587043523711742,20.226829134817955,20.229026023823952,197929200
2014-07-01,20.540922164916992,20.66172595322061,20.4552619062056,20.540922164916992,152892000
2014-07-02,20.532135009765625,20.659526096904308,20.44647308761987,20.617795256175896,113860000
2014-07-03,20.65294075012207,20.668315625890436,20.470637454771612,20.573869481674542,91567200
2014-07-07,21.079044342041016,21.08343644499535,20.66831317278437,20.677099054428616,225872000
2014-07-08,20.942873001098633,21.26135503787286,20.628784744548142,21.144943322250178,260888000
2014-07-09,20.951656341552734,21.074655361102344,20.81328244455942,20.96263911504222,145744000
2014-07-10,20.87477684020996,20.986794734562718,20.540920046458563,20.593635335410184,158744000
2014-07-11,20.9143123626709,21.061472106507292,20.83524110538123,20.945062109868488,136072000
2014-07-14,21.184471130371094,21.281114150715258,21.008758528341897,21.054883149214643,171240000
2014-07-15,20.936279296875,21.272331351740632,20.872582903848684,21.261350255123826,181911600
2014-07-16,20.81766700744629,21.32723634408124,20.808881126984524,21.298683489382014,213585200
2014-07-17,20.446470260620117,20.927486712982706,20.33225717310975,20.87257622027411,229192000
2014-07-18,20.74079704284668,20.808885536183457,20.43110097495544,20.56288753407086,199952000
2014-07-21,20.633169174194336,20.865989148457587,20.584847668048663,20.86379225934131,156316000
2014-07-22,20.804492950439453,20.84183169264628,20.6727080701158,20.795707068319786,220788000
2014-07-23,21.347000122070312,21.498551917175185,20.90332247655525,20.95823296010766,371672000
2014-07-24,21.31186294555664,21.37555932650644,21.177881191789037,21.314059834757796,182916000
2014-07-25,21.45244026184082,21.489779011019596,21.22620920115815,21.272333834097104,173876000
2014-07-28,21.748952865600586,21.797274379856887,21.42608049220161,21.485383102411635,221272000
2014-07-29,21.608383178710938,21.84120487939132,21.57983031692543,21.81704412105906,172572000
2014-07-30,21.5578670501709,21.678669169469735,21.45243813125558,21.621563444304094,132040000
2014-07-31,20.99777603149414,21.404113418923245,20.938473425522883,21.34041871003157,227372000
2014-08-01,21.114185333251953,21.22181112221045,20.82425795373813,20.844026605566725,194044000
2014-08-04,20.995574951171875,21.213021706377564,20.903325726637167,21.166897094110208,159832000
2014-08-05,20.89234733581543,21.01534631777004,20.725418949065993,20.94506094583377,223732000
2014-08-06,20.85720443725586,20.97141921741099,20.802293936417758,20.811079817640117,154232000
2014-08-07,20.85499382019043,21.179472081972907,20.7711136423632,20.95432365974644,186844000
2014-08-08,20.912389755249023,20.930048922547666,20.590117530367806,20.806438119598948,167460000
2014-08-11,21.188304901123047,21.208171882512662,20.93445988071102,21.029375786288714,146340000
2014-08-12,21.183897018432617,21.38476460204222,21.104432438259046,21.199348371017972,135180000
2014-08-13,21.464235305786133,21.464235305786133,21.199354419019965,21.22363536344855,127664000
2014-08-14,21.5216121673584,21.537063513859323,21.36709870234914,21.484087709294787,112464000
2014-08-15,21.6275691986084,21.673923246122886,21.38034592779372,21.609910032677902,195804000
2014-08-18,21.88803482055664,21.934388865569435,21.62756803138664,21.740141418958864,190288000
2014-08-19,22.190441131591797,22.223551646563276,21.92335256321115,21.943219545822338,277596000
2014-08-20,22.19927406311035,22.314055290378494,22.062418033150912,22.170579177311065,210796000
2014-08-21,22.201478958129883,22.280943521960964,22.09773346179093,22.19927114133714,133912000
2014-08-22,22.36482048034668,22.397930993652686,22.115391090373354,22.1374642045538,176736000
2014-08-25,22.413387298583984,22.552449464337244,22.355995841766482,22.468570938273995,161080000
2014-08-26,22.269908905029297,22.404557117009915,22.26328713789435,22.38689794860272,132608000
2014-08-27,22.543615341186523,22.640739066389735,22.227964918346792,22.29859989556621,209476000
2014-08-28,22.570098876953125,22.687087873074347,22.41779155834307,22.424413322792148,273840000
2014-08-29,22.62529754638672,22.713591727284467,22.559076489695553,22.704762140787548,178380000
2014-09-02,22.8018798828125,22.899001940471347,22.673853438545176,22.748902377830237,214256000
2014-09-03,21.8394775390625,22.77980553636238,21.760012964069407,22.75773241754675,501684000
2014-09-04,21.658470153808594,22.0933157123717,21.585627363260983,21.819605398761116,342872000
2014-09-05,21.846099853515625,21.938807965306108,21.70041423435539,21.80857538218201,233828000
2014-09-08,21.711450576782227,21.921147726658855,21.643023404856983,21.918941593679378,185426800
2014-09-09,21.62977409362793,22.753313621622492,21.221415588258573,21.870375584469,759385200
2014-09-10,22.2941837310791,22.318464659967304,21.579004447285225,21.634188070381953,403478400
2014-09-11,22.389101028442383,22.391308845043884,21.98957211117271,22.163952573137482,249412400
2014-09-12,22.439876556396484,22.556865605718105,22.3118501052603,22.34054499227866,250504400
2014-09-15,22.433246612548828,22.746690882216324,22.391308202747087,22.693713389723722,245266000
2014-09-16,22.26328468322754,22.35157883145753,21.82843739255324,22.02930662187824,267632400
2014-09-17,22.422216415405273,22.470778286771086,22.20368799425911,22.353787558448445,243706000
2014-09-18,22.468568801879883,22.59217960412941,22.417799117201184,22.499471502442265,149197600
2014-09-19,22.28535270690918,22.592173496742845,22.18381504907153,22.578929966959365,283609600
2014-09-22,22.307430267333984,22.545823955409002,22.20147863979226,22.47077502623951,211153600
2014-09-23,22.656190872192383,22.72241190145274,22.192648719582056,22.205892251805835,253608800
2014-09-24,22.459739685058594,22.702547344839637,22.338335013132614,22.550241655779942,240687200
2014-09-25,21.603290557861328,22.230175858248796,21.570180039247415,22.186029622810864,400368000
2014-09-26,22.23900032043457,22.23900032043457,21.72027459518395,21.748969473202987,249482000
2014-09-29,22.097736358642578,22.17057916571536,21.771048477391652,21.775464111556005,199065200
2014-09-30,22.23900032043457,22.41338077317458,22.190438462194244,22.252243851201733,221056400
2014-10-01,21.892452239990234,22.225761874472898,21.786498917401314,22.203687072716633,205965200
2014-10-02,22.051382064819336,22.1220170540427,21.640815663686354,21.912318219359822,191031200
2014-10-03,21.989572525024414,22.119805077763324,21.86154610485789,21.949840245802758,173878400
2014-10-06,21.989572525024414,22.216928801209743,21.945424612516646,22.06241363353856,148204800
2014-10-07,21.797534942626953,22.099941856450922,21.793120992996826,21.9476344911137,168376800
2014-10-08,22.250043869018555,22.31847104232388,21.70041361326797,21.799745173689995,229618800
2014-10-09,22.298595428466797,22.59879444252783,22.20809517144256,22.41337829599797,309506000
2014-10-10,22.234590530395508,22.521544416470668,22.139674612646058,22.225760946875692,265326400
2014-10-13,22.03150749206543,22.466354678869735,22.03150749206543,22.367024838381717,214333600
2014-10-14,21.797534942626953,22.18823432162009,21.757802659672496,22.159539438847194,254754400
2014-10-15,21.530439376831055,21.885821991271005,21.009505917803683,21.62535526175732,403734400
2014-10-16,21.247907638549805,21.570179870118416,21.060283613303334,21.091186314681767,288618000
2014-10-17,21.55914306640625,21.852720421703133,21.369311218926384,21.521618597131873,272718800
2014-10-20,22.02047348022461,22.064619705170344,21.680542159116754,21.70261527158962,310069200
2014-10-21,22.61866569519043,22.740068666246575,22.353783270569366,22.740068666246575,378495600
2014-10-22,22.733449935913086,22.980673228423367,22.647363599535673,22.70033941790541,273052400
2014-10-23,23.13960838317871,23.188170264338417,22.874725854327036,22.974057434173165,284298800
2014-10-24,23.225685119628906,23.28528269558848,23.073377770741295,23.216855537251444,188215600
2014-10-27,23.20140838623047,23.28308077494351,23.1109064135427,23.144016932430198,136750800
2014-10-28,23.561206817626953,23.561206817626953,23.25438590933276,23.26542331112737,192243600
2014-10-29,23.693645477294922,23.7002689283275,23.477326564217243,23.54133978496458,210751600
2014-10-30,23.614185333251953,23.695856047362074,23.375791590510275,23.609769698717216,162619200
2014-10-31,23.83933448791504,23.848164073147256,23.66495396873897,23.84154230524089,178557200
2014-11-03,24.148357391357422,24.347018800832352,23.841536536084774,23.887890584283795,209130400
2014-11-04,23.971769332885742,24.1682229274974,23.777523555087363,24.139528045207996,166297600
2014-11-05,24.02916145324707,24.12628518689666,23.868024502789424,24.08213726975101,149743600
2014-11-06,24.097885131835938,24.117838262709345,23.898363971341695,24.07571630193361,139874000
2014-11-07,24.16660499572754,24.23532885960576,24.064627049163015,24.108964698496145,134766000
2014-11-10,24.126705169677734,24.237551006137114,24.09123369015158,24.168825437398496,108782000
2014-11-11,24.319581985473633,24.33066724846887,24.031383752707768,24.0978902565582,109769200
2014-11-12,24.66320037841797,24.70310495005596,24.246420612378213,24.24863631147734,187769600
2014-11-13,25.011253356933594,25.150918495756777,24.740789257400593,24.785128604833226,238091600
2014-11-14,25.312759399414062,25.314976790088483,24.654334753112707,25.08441720978061,176254400
2014-11-17,25.270639419555664,26.000005402399715,25.117673278468875,25.332712832329857,186986800
2014-11-18,25.59874725341797,25.647519710200562,25.248473874137407,25.25955913845122,176896000
2014-11-19,25.421388626098633,25.65859869417466,25.228517915974027,25.592092194307874,167476800
2014-11-20,25.784957885742188,25.90688898215942,25.46128824687572,25.474590897358752,173582000
2014-11-21,25.82042694091797,26.064287419483122,25.722882072942674,26.050986461622156,228717200
2014-11-24,26.299280166625977,26.330316862712678,25.853681162221257,25.904669295203806,189803200
2014-11-25,26.070940017700195,26.547577445816213,26.037685928971502,26.396827042769594,275361600
2014-11-26,26.38130760192871,26.403476429706124,26.121928765049386,26.146314983016484,163073200
2014-11-28,26.36578941345215,26.469984765149167,26.17070135990386,26.44116376662769,99257600
2014-12-01,25.510061264038086,26.43673254370724,24.66763221293039,26.339187664361035,335256000
2014-12-02,25.412513732910156,25.66080899471227,24.99573403156638,25.162002772352853,237395600
2014-12-03,25.700712203979492,25.793822287977136,25.518925124633757,25.6608076406415,172253600
2014-12-04,25.603174209594727,25.982266817334185,25.558836545710864,25.66524761558152,168178000
2014-12-05,25.494539260864258,25.733966644200162,25.414730133085623,25.714013516568986,153275600
2014-12-08,24.91814613342285,25.416952432702953,24.745226886958818,25.295021327440697,230659600
2014-12-09,25.299457550048828,25.339362123920097,24.2419871881469,24.428209096670646,240832000
2014-12-10,24.818384170532227,25.461290413733533,24.72749145659124,25.363747219671666,178261200
2014-12-11,24.745220184326172,25.228508002155266,24.683145107587265,24.88710269126931,165606800
2014-12-12,24.326223373413086,24.800643327654946,24.29296929054376,24.488057316605346,224112400
2014-12-15,23.993690490722656,24.74079034556031,23.57690906339065,24.541267501770864,268872400
2014-12-16,23.66558837890625,24.421557868723987,23.55695992222697,23.5813461439226,243162800
2014-12-17,24.255287170410156,24.350612967715282,23.6811048479873,23.747613027576232,213647200
2014-12-18,24.97357177734375,24.97357177734375,24.53240574259503,24.800652512033878,236024800
2014-12-19,24.780698776245117,25.10436846600192,24.754096853842928,24.887111539974374,353719200
2014-12-22,25.037858963012695,25.159788372590835,24.822817762083776,24.864939722662147,180670000
2014-12-23,24.949180603027344,25.12431722429717,24.93144486359853,25.102148395697753,104113600
2014-12-24,24.831682205200195,24.986865683745435,24.831682205200195,24.958046378122194,57918400
2014-12-26,25.270639419555664,25.388135763931622,24.831690748438938,24.85164219195622,134884000
2014-12-29,25.252899169921875,25.4435524517826,25.206342430392432,25.22629556038694,110395600
2014-12-30,24.944746017456055,25.255114694393377,24.85385331207606,25.193041297280555,119526000
2014-12-31,24.470321655273438,25.07997364138017,24.432634483879976,25.011249776912926,165613600
2015-01-02,24.237552642822266,24.705322239577697,23.798602356597982,24.694236978633914,212818400
2015-01-05,23.55474090576172,24.0868012739077,23.36852070716593,24.006992134117137,257142000
2015-01-06,23.55695915222168,23.816338020280458,23.19560061965636,23.61903255400942,263188400
2015-01-07,23.887283325195312,23.98704392471396,23.65450633782029,23.76535220011818,160423600
2015-01-08,24.805082321166992,24.8627226324375,24.097885309857276,24.21538332281689,237458000
2015-01-09,24.831682205200195,25.106579377783078,24.43263655840806,24.97799781477527,214798000
2015-01-12,24.219818115234375,24.969135448943987,24.120057527235872,24.962484968593877,198603200
2015-01-13,24.434860229492188,25.006825239793912,24.144444634403246,24.703106992143734,268367600
2015-01-14,24.34174346923828,24.494709555233538,24.053543652156318,24.173257344265455,195826400
2015-01-15,23.681106567382812,24.39938717877788,23.645636776033786,24.386086218443666,240056000
2015-01-16,23.49709701538086,23.849587610976112,23.321960412602127,23.727656529493125,314053200
2015-01-20,24.102317810058594,24.15774072566621,23.610162048843282,23.907228064640975,199599600
2015-01-21,24.286327362060547,24.621080624373143,24.00256055420087,24.153310983755834,194303600
2015-01-22,24.91814613342285,24.933664483967743,24.324012340403172,24.4437260551952,215185600
2015-01-23,25.046728134155273,25.21742999298039,24.72527416557457,24.89597771577307,185859200
2015-01-26,25.073326110839844,25.35265807271684,25.006819628451208,25.215208636250004,222460000
2015-01-27,24.19542694091797,24.93587794352709,24.17104072370978,24.922575294176113,382274800
2015-01-28,25.563270568847656,26.186225424812413,25.563270568847656,26.07759526899605,585908400
2015-01-29,26.35914421081543,26.423435008591323,25.61869303244263,25.78717920277347,337745600
2015-01-30,25.9733943939209,26.602997864863603,25.90466883263632,26.248291564940033,334982000
2015-02-02,26.299280166625977,26.4189938621203,25.733967466726934,26.170700293426666,250956400
2015-02-03,26.303726196289062,26.40126941511843,26.073166575773975,26.270472095867632,207662800
2015-02-04,26.50545883178711,26.7160669593945,26.228344209703778,26.27046617349994,280598800
2015-02-05,26.69464111328125,26.759185637251118,26.541069601144372,26.7124451524758,168984800
2015-02-06,26.469846725463867,26.763634579747894,26.363014006611284,26.71244351282826,174826400
2015-02-09,26.64566993713379,26.672376838687786,26.35855885909115,26.385267458693313,155559200
2015-02-10,27.15757942199707,27.186514170623198,26.743607052759444,26.745831496462507,248034000
2015-02-11,27.794113159179688,27.80301602590847,27.26440532417871,27.32449755203773,294247200
2015-02-12,28.145771026611328,28.372789901407252,27.947686895532566,28.056744050182502,297898000
2015-02-13,28.283769607543945,28.32828225725113,27.965499237796237,28.32828225725113,217088800
2015-02-17,28.45069122314453,28.684386851565183,28.248154785440164,28.37501768994175,252609600
2015-02-18,28.64876937866211,28.66212282958764,28.366108881718322,28.4061709325431,179566800
2015-02-19,28.58868408203125,28.71777314010031,28.561977172119512,28.595360809509188,149449600
2015-02-20,28.822378158569336,28.822378158569336,28.499657229063484,28.62651844031598,195793600
2015-02-23,29.60136604309082,29.60136604309082,28.857994207147335,28.938118341303372,283896400
2015-02-24,29.41661834716797,29.734890256280856,29.194051813501485,29.587995528997986,276912400
2015-02-25,28.664352416992188,29.289767448381888,28.521909921395615,29.280862882102554,298846800
2015-02-26,29.027130126953125,29.127284398972336,28.179152083176337,28.66434555016087,365150000
2015-02-27,28.590904235839844,29.060519853426552,28.541939316766616,28.93365527325596,248059200
2015-03-02,28.731124877929688,28.995979705716593,28.555298738023403,28.766736353081935,192386800
2015-03-03,28.79121971130371,28.8268311875612,28.508559137168003,28.702194416757287,151265200
2015-03-04,28.608715057373047,28.835733986206975,28.559753519876992,28.73335523130956,126665200
2015-03-05,28.1346492767334,28.655454390000926,27.989980623698415,28.617618469406004,226068400
2015-03-06,28.176929473876953,28.7934381705221,28.101257649630615,28.57754831021603,291368400
2015-03-09,28.297117233276367,28.83795583428651,27.834178300278573,28.479621776355522,354114000
2015-03-10,27.71177101135254,28.31492636258057,27.553748911042486,28.13464793933434,275426400
2015-03-11,27.20654296875,27.769636241841642,27.17760991964379,27.765185656613205,275756000
2015-03-12,27.69841957092285,27.79857558463012,27.070781670942825,27.222127064458164,193450800
2015-03-13,27.507009506225586,27.90985626880816,27.282218428274447,27.687289634604028,207309200
2015-03-16,27.809694290161133,27.809694290161133,27.34675708098747,27.57154811064619,143497200
2015-03-17,28.274864196777344,28.337182579986006,27.965496724385353,28.021138380542887,204092400
2015-03-18,28.59313201904297,28.74670351988461,28.125742488103533,28.26595883797083,261083600
2015-03-19,28.377243041992188,28.766734613156785,28.354986720392482,28.655451307109757,183238000
2015-03-20,28.021133422851562,28.577548187933573,27.856434625218515,28.544164558584388,274780400
2015-03-23,28.31269645690918,28.455138942422373,28.159124962383117,28.292666278344058,150838800
2015-03-24,28.19696617126465,28.4974290763615,28.168031423359356,28.317152352132542,131369200
2015-03-25,27.460268020629883,28.22589771049454,27.460268020629883,28.16357933072388,206620800
2015-03-26,27.65167236328125,27.794114843477228,27.286663295523013,27.322274764596163,190291600
2015-03-27,27.43132781982422,27.754048644367636,27.355656006418805,27.72511560360346,158184800
2015-03-30,28.125741958618164,28.13241868495542,27.598258503345505,27.60938751260654,188398800
2015-03-31,27.693958282470703,28.15244487179617,27.67837869054357,28.063417904477628,168362400
2015-04-01,27.65390396118164,27.847537541865293,27.39795199537184,27.78076687320234,162485600
2015-04-02,27.89204978942871,27.94546530476479,27.64055011075808,27.82750526345867,128880400
2015-04-06,28.343854904174805,28.37946637364715,27.67170454934332,27.702863736107464,148776000
2015-04-07,28.045618057250977,28.515232026334367,28.03894133086354,28.40840100803854,140049200
2015-04-08,27.95437240600586,28.132426414815317,27.8141560202514,28.010014071502706,149316800
2015-04-09,28.168025970458984,28.17247825298956,27.74515082466019,28.010003901588693,129936000
2015-04-10,28.28821563720703,28.312698100017467,27.878693892102373,28.032263697492386,160752000
2015-04-13,28.232576370239258,28.615392939431228,28.179160855071164,28.570876897035358,145460400
2015-04-14,28.11016845703125,28.330508964159016,28.023367599737018,28.265964432162242,102098400
2015-04-15,28.216995239257812,28.294893215067187,28.045619692477185,28.13464667828012,115881600
2015-04-16,28.08123016357422,28.28821718902274,28.067876709689976,28.105712627727698,113476000
2015-04-17,27.765188217163086,28.074555709550506,27.700643688082796,27.94324220759483,207828000
2015-04-20,28.399494171142578,28.515228041129834,27.858657334716515,27.947684302886504,188217200
2015-04-21,28.245929718017578,28.533039154983896,28.192512508213536,28.510784531304967,129740400
2015-04-22,28.62651252746582,28.682154172649728,28.114610410602825,28.263729612164116,150618000
2015-04-23,28.86020851135254,29.0271334491883,28.51968190985531,28.555293378323448,183083600
2015-04-24,28.9959774017334,29.073877072926983,28.762281784249566,29.04271788366893,178103600
2015-04-27,29.523452758789062,29.630287152536695,29.18960291954412,29.447780943623293,387816800
2015-04-28,29.058298110961914,29.944112330430492,28.837959324998785,29.92630998893822,475696000
2015-04-29,28.630966186523438,29.287536952041226,28.55529436049829,28.9692683564137,253544400
2015-04-30,27.85421371459961,28.630970767541644,27.727350805104503,28.630970767541644,332781600
2015-05-01,28.69995880126953,28.962589122392625,27.88759217131115,28.06564441021307,234050400
2015-05-04,28.64432144165039,29.06052330317985,28.546391591878752,28.822375405226378,203953200
2015-05-05,27.99888038635254,28.58868054797657,27.994428103218496,28.521909885353836,197085600
2015-05-06,27.823049545288086,28.210314931617717,27.455814336746123,28.168026736668235,288564000
2015-05-07,27.995141983032227,28.178408847882512,27.718005393148463,27.885627588016693,175763600
2015-05-08,28.522594451904297,28.522594451904297,28.185114608413503,28.31250741348548,222201600
2015-05-11,28.232044219970703,28.509179072782494,28.077831272814823,28.47118512222381,168143200
2015-05-12,28.13147735595703,28.35720737088283,27.896805580079814,28.071132405524015,192640000
2015-05-13,28.162765502929688,28.426491170136035,28.131476161493442,28.19405484436593,138776800
2015-05-14,28.819839477539062,28.819839477539062,28.419782708302176,28.475656768324654,180814000
2015-05-15,28.779617309570312,28.94053490611256,28.65445993676693,28.846666876510024,152832000
2015-05-18,29.09697914123535,29.21543188827345,28.687980569086267,28.692451449243087,203531600
2015-05-19,29.070159912109375,29.251191335426242,28.97405474783214,29.208726500765295,178532800
2015-05-20,29.06792640686035,29.273542580713503,28.9070088081435,29.054517175347726,145819600
2015-05-21,29.365182876586914,29.418823223880374,29.01652914488788,29.07016949218134,158921600
2015-05-22,29.622203826904297,29.718309027826777,29.367418132070213,29.412120128936607,182384000
2015-05-26,28.969594955444336,29.704899835375624,28.8578467836856,29.635616514530575,282790400
2015-05-27,29.510446548461914,29.559616001614543,29.065691145330188,29.130503564331832,183332800
2015-05-28,29.452333450317383,29.490327400872097,29.300357648098533,29.47021355827523,122933200
2015-05-29,29.11709213256836,29.378582344414525,29.03216246349136,29.329412894978606,203538000
2015-06-01,29.175203323364258,29.36517652829473,29.065692327120992,29.11709551740421,128451200
2015-06-02,29.04557991027832,29.202026634245364,28.902542418325194,29.023228916733252,134670400
2015-06-03,29.081336975097656,29.264605574947947,29.032167517102838,29.20202688482415,123934000
2015-06-04,28.91147804260254,29.184143768776664,28.810905401701508,28.960647495537707,153800400
2015-06-05,28.75279426574707,28.98523230030165,28.687981846856992,28.942767462626342,142507200
2015-06-08,28.562824249267578,28.877954811317277,28.34603259256239,28.808668102346388,210699200
2015-06-09,28.47789764404297,28.62540601795868,28.075605334088277,28.316980038004523,224301600
2015-06-10,28.80419921875,28.907005589086815,28.573996637523273,28.589641307592938,156349200
2015-06-11,28.739383697509766,29.09474193791442,28.714798972119876,28.87124567447265,141563600
2015-06-12,28.422033309936523,28.681289920763245,28.408624073218594,28.6500005649934,147544800
2015-06-15,28.366151809692383,28.437670562082815,28.095721473930382,28.18288490012055,175955600
2015-06-16,28.51812744140625,28.574001516215095,28.24322794822594,28.39073461904774,125976400
2015-06-17,28.451082229614258,28.5807087993593,28.325923130867128,28.544950274818408,131672400
2015-06-18,28.580703735351562,28.67680720416839,28.43319707690091,28.435432517145383,141628800
2015-06-19,28.294626235961914,28.56729194657224,28.249927665922023,28.542707221507953,218867600
2015-06-22,28.520362854003906,28.6209355065051,28.40191008834739,28.493542684270917,136157200
2015-06-23,28.390731811523438,28.52036006149513,28.357207028925068,28.49130615931855,121075600
2015-06-24,28.63211441040039,29.00982374632783,28.41085352548544,28.430967376322414,221123600
2015-06-25,28.495763778686523,28.875706613679444,28.495763778686523,28.799718728737094,127752400
2015-06-26,28.32815170288086,28.60528659515787,28.274513076504284,28.53376785827538,176267200
2015-06-29,27.831993103027344,28.265576457225944,27.820819311458745,28.039844723786928,196645600
2015-06-30,28.033138275146484,28.18735125292746,27.905745464631284,28.06442761771925,177482800
2015-07-01,28.294626235961914,28.37061585119911,28.15829338065675,28.3616757961629,120955200
2015-07-02,28.258872985839844,28.314747061370124,28.10912916751118,28.25663754537902,108844000
2015-07-06,28.160531997680664,28.211936893652904,27.903510928102136,27.923626480488263,112241600
2015-07-07,28.091249465942383,28.19405755556789,27.66213528971851,28.13594804225212,187787200
2015-07-08,27.393936157226562,27.856573341094382,27.387231542337933,27.820814826641314,243046400
2015-07-09,26.835195541381836,27.726945130422326,26.645224063736375,27.680011121013997,314380000
2015-07-10,27.552623748779297,27.68001657230233,27.089986473338655,27.25313952353413,245418000
2015-07-13,28.08454704284668,28.10689633274658,27.78506110173518,27.943743276708435,165762000
2015-07-14,28.073368072509766,28.243225723991486,27.945975260183804,28.169471541818215,127072400
2015-07-15,28.34379768371582,28.417551864106752,28.066662778625943,28.09795212088732,134596800
2015-07-16,28.72150230407715,28.734914943921616,28.46224753674022,28.549410939177225,144889600
2015-07-17,28.969594955444336,28.969594955444336,28.676815291081816,28.848908430469667,184658800
2015-07-20,29.51715850830078,29.718303817801807,29.21096625280674,29.271311209770232,235600800
2015-07-21,29.222143173217773,29.70712976731751,29.126041394746533,29.69148679862171,307025600
2015-07-22,27.986204147338867,28.048782832229605,27.26431042059781,27.26431042059781,461802400
2015-07-23,27.972801208496094,28.404147484253883,27.950450211600703,28.20523588890487,203998000
2015-07-24,27.825279235839844,28.102414069665002,27.69118184561095,28.00854606701886,168649200
2015-07-27,27.438634872436523,27.62637261602175,27.293363668700977,27.51015360686396,177822000
2015-07-28,27.574970245361328,27.693424705361824,27.38946962999341,27.574970245361328,134472400
2015-07-29,27.487810134887695,27.601793728127678,27.3268925221116,27.523570362234157,148046800
2015-07-30,27.3492431640625,27.393941742527627,27.201734785872933,27.338067666875485,134513200
2015-07-31,27.11009407043457,27.409578207782467,27.02293067492938,27.40063815373822,171540000
2015-08-03,26.470903396606445,27.39394253937885,26.2652854963179,27.154801556837054,279904000
2015-08-04,25.621614456176758,26.30551255544882,25.310954750615828,26.242933867298618,496554400
2015-08-05,25.791471481323242,26.24740410471145,25.05393306301911,25.24390456314553,397250400
2015-08-06,25.847593307495117,26.155169739950495,25.62084156704266,26.036180829783316,211612000
2015-08-07,25.935155868530273,26.09904741455517,25.706158528744663,25.724119574610878,154681600
2015-08-10,26.878087997436523,26.938704381143143,26.161907196752338,26.161907196752338,219806400
2015-08-11,25.479400634765625,26.532343215010112,25.443480262096237,26.449274676869475,388331200
2015-08-12,25.87229347229004,25.91270496835857,24.612803843156907,25.263877185212362,404870000
2015-08-13,25.852083206176758,26.132718061404777,25.715133259796747,26.051895086070367,194143200
2015-08-14,26.033935546875,26.11251296830233,25.596145832594658,25.665742732593245,171718000
2015-08-17,26.303348541259766,26.41335694167236,25.93066457455252,26.05189905602863,163538800
2015-08-18,26.15517807006836,26.366216106474194,26.045169646198445,26.139462580944087,138242800
2015-08-19,25.82065200805664,26.15965767687582,25.74656399585409,26.06536477745032,193146000
2015-08-20,25.29082489013672,25.67248778005584,25.061825785897252,25.6118713776748,274006400
2015-08-21,23.74395751953125,25.122435977672446,23.719261511904985,24.792409069266427,513102000
2015-08-24,23.15125846862793,24.42646358562322,20.6547296584936,21.299068037295623,648825200
2015-08-25,23.29045295715332,24.945077073193595,23.23657153175285,24.945077073193595,414406400
2015-08-26,24.626272201538086,24.671173096581096,23.58455567823423,24.042550288822852,387098400
2015-08-27,25.35142707824707,25.423269524757387,24.70035394326412,25.19651781996925,338464400
2015-08-28,25.434497833251953,25.4389872371767,25.041609044757905,25.183048391986457,212657600
2015-08-31,25.31551742553711,25.712895751289132,25.144890900539856,25.151625865116365,224917200
2015-09-01,24.18399429321289,25.117946383585018,24.10317130205401,24.729548627105544,307383600
2015-09-02,25.221227645874023,25.221227645874023,24.500557178616535,24.747517346437558,247555200
2015-09-03,24.778942108154297,25.320005356223955,24.70485407640835,25.25489784767688,212935600
2015-09-04,24.531980514526367,24.79689993781752,24.361355722674787,24.464629163909024,199985200
2015-09-08,25.214481353759766,25.270608327987073,24.767711118511023,25.088757479605587,219374400
2015-09-09,24.72954750061035,25.598392046700837,24.644233395573615,25.540021221302467,340043200
2015-09-10,25.272857666015625,25.432258091115777,24.67342190271092,24.756488740759696,251571200
2015-09-11,25.641048431396484,25.641048431396484,25.091004731981094,25.097739695285533,199662000
2015-09-14,25.88801383972168,26.242736848438636,25.78698593693288,26.173139924866792,233453600
2015-09-15,26.105775833129883,26.161902802744578,25.688191042167812,26.027198418241145,173364800
2015-09-16,26.134967803955078,26.164153216941944,25.917194847376045,26.099045714562475,148694000
2015-09-17,25.575944900512695,26.152930255548252,25.531043996275258,25.966589961389154,256450400
2015-09-18,25.470426559448242,25.661259689611786,25.115705295805558,25.192037177583178,297141200
2015-09-21,25.865558624267578,25.901480715538085,25.51757235759737,25.519816203657086,200888000
2015-09-22,25.45920181274414,25.63431773927507,25.26163372097819,25.45471069455325,201384800
2015-09-23,25.66575050354004,25.755554032158386,25.436753132780108,25.510839459494893,143026800
2015-09-24,25.818416595458984,25.93067058065663,25.227961249948915,25.425527647267216,200878000
2015-09-25,25.753299713134766,26.197826086520696,25.59838872178131,26.141699114332834,224607600
2015-09-28,25.24367332458496,25.721874620209853,25.24367332458496,25.56022862933393,208436000
2015-09-29,24.48483657836914,25.48389798764426,24.215427722418397,25.331232512509576,293461600
2015-09-30,24.76321792602539,25.041607196005028,24.41074065031324,24.734030807662187,265892000
2015-10-01,24.601577758789062,24.610558280940232,24.091943832081967,24.48707824243601,255716400
2015-10-02,24.781179428100586,24.92262049015925,24.14582342305545,24.249096843355577,232079200
2015-10-05,24.870986938476562,25.003447501084377,24.48707860336766,24.668929469245697,208258800
2015-10-06,24.989980697631836,25.086519189788948,24.644238230670545,24.83731521498477,192787200
2015-10-07,24.870986938476562,25.093249298200774,24.563412186347982,25.086514334702994,187062400
2015-10-08,24.583616256713867,24.738527263432836,24.294000845954656,24.738527263432836,247918400
2015-10-09,25.171823501586914,25.207743870814472,24.581366695515474,24.695866191092918,211064400
2015-10-12,25.055089950561523,25.313274467301106,25.019169564842766,25.308785061408738,121868800
2015-10-13,25.097745895385742,25.24592026326643,24.84854191440199,24.87997289282698,132197200
2015-10-14,24.743017196655273,25.037122018260597,24.59708670880229,24.985486156823974,177849600
2015-10-15,25.11345672607422,25.16733814868498,24.80588025098785,24.904664286490533,150694000
2015-10-16,24.929359436035156,25.144886831908376,24.814859918182062,25.09549481585961,156930400
2015-10-19,25.084270477294922,25.08875988200489,24.72056703284584,24.875478044661843,119036800
2015-10-20,25.542264938354492,25.63206844763822,24.879967268998524,24.99671063206574,195871200
2015-10-21,25.540023803710938,25.948628187111815,25.526552162529605,25.593905229857302,167180800
2015-10-22,25.930665969848633,25.930665969848633,25.616354524611886,25.66799210227932,166616400
2015-10-23,26.734405517578125,26.76808205066041,26.117008691554844,26.200075531916905,237467600
2015-10-26,25.881275177001953,26.521122466591017,25.800452181173895,26.509898097251355,265335200
2015-10-27,25.717378616333008,26.16414882274785,25.591653037433648,25.908209973818003,279537600
2015-10-28,26.77705955505371,26.78379623162936,26.05638931881799,26.25171183088282,342205600
2015-10-29,27.059934616088867,27.095856699212277,26.55254632555549,26.649084782875654,204909200
2015-10-30,26.828699111938477,27.21485304685405,26.81747302967664,27.163215466453153,197461200
2015-11-02,27.20587158203125,27.246283078771686,26.85339419324062,27.12055918351682,128813200
2015-11-03,27.517934799194336,27.72448166785264,27.09810438569282,27.118310988528656,182076000
2015-11-04,27.38996696472168,27.79857132141872,27.304654569493785,27.64366030440483,179544400
2015-11-05,27.263704299926758,27.66278529417685,27.096857762994112,27.473390486687432,158210800
2015-11-06,27.29526710510254,27.464368796343848,27.19606194930443,27.306541239261836,132169200
2015-11-09,27.184789657592773,27.46437065774008,27.06754656727019,27.272722405382584,135485600
2015-11-10,26.3280086517334,26.6211189761139,26.167925902944273,26.357320716286395,236511600
2015-11-11,26.179195404052734,26.474559127116915,25.976273040035203,26.23781780258919,180872000
2015-11-12,26.091264724731445,26.33928020245648,26.0754819685178,26.213018152747313,130102400
2015-11-13,25.329185485839844,26.05745107970351,25.313402725363137,25.974026934217,183249600
2015-11-16,25.744047164916992,25.75757475270898,25.02705576868221,25.11273335835102,152426800
2015-11-17,25.633560180664062,25.940198026935143,25.550136067128577,25.910885968567726,110467600
2015-11-18,26.445255279541016,26.49034838475126,26.04166562320002,26.100288036126702,186698800
2015-11-19,26.781198501586914,26.99990363296767,26.325752032261562,26.52416406599485,173183200
2015-11-20,26.89844512939453,27.038234770748733,26.796983074659412,26.87589685932573,137148400
2015-11-23,26.548973083496094,26.995402432357768,26.456529973606695,26.891685185099274,129930000
2015-11-24,26.803741455078125,26.909712110313276,26.406917440832686,26.454265702071364,171212800
2015-11-25,26.612104415893555,26.882668233989772,26.58730268956327,26.878157890915976,85553200
2015-11-27,26.56249237060547,26.697775095987275,26.51514410479836,26.67071820687265,52185600
2015-11-30,26.672975540161133,26.92324619414005,26.54896693857106,26.60307900099607,156721200
2015-12-01,26.45652198791504,26.78796157229856,26.348297870682458,26.77443398769232,139409600
2015-12-02,26.2175235748291,26.630132077162514,26.17243048263372,26.456520059808778,133546400
2015-12-03,25.974021911621094,26.332518430543608,25.753063307673987,26.278406365114538,166278000
2015-12-04,26.837570190429688,26.887173637150276,25.953732274909825,25.9943167567547,231108000
2015-12-07,26.6684627532959,27.024704048666933,26.562492088959715,26.826292024504085,128336800
2015-12-08,26.657194137573242,26.7406165463424,26.348301063499722,26.497109672774585,137238000
2015-12-09,26.0687198638916,26.53544050807796,25.946966427991917,26.524166372827583,185445600
2015-12-10,26.192720413208008,26.366332420984868,26.04391184101895,26.163410076916964,116850800
2015-12-11,25.518577575683594,26.016863782851292,25.44417240424712,25.971770677842837,187544800
2015-12-14,25.360748291015625,25.405841393006796,24.754236264142396,25.293106917837292,257274800
2015-12-15,24.912063598632812,25.432898038572702,24.88049808350816,25.23899460555466,213292400
2015-12-16,25.103713989257812,25.250269162016448,24.53102432618106,25.042838124981426,224954000
2015-12-17,24.57159996032715,25.308882460878,24.57159996032715,25.257023860198807,179091200
2015-12-18,23.906471252441406,24.693357365445674,23.856867810785346,24.555822895660434,385813200
2015-12-21,24.1995849609375,24.208603926159757,23.80275909211675,24.188310824361743,190362400
2015-12-22,24.177038192749023,24.28751750540266,24.001170952768174,24.215367504458612,131157600
2015-12-23,24.488183975219727,24.54229604416937,24.17027191473331,24.186054673184938,130629600
2015-12-24,24.357410430908203,24.576115587976815,24.33937250203435,24.576115587976815,54281600
2015-12-28,24.084590911865234,24.2807494992411,23.94029093501106,24.258201230202115,106816800
2015-12-29,24.51749038696289,24.673064495446436,24.093609427852176,24.1161559762809,123724800
2015-12-30,24.197324752807617,24.5084712473463,24.16575924119607,24.4814160775029,100855200
2015-12-31,23.732858657836914,24.131937883584733,23.633651784009544,24.12742926213409,163649200
2016-01-04,23.75314712524414,23.757657466333654,22.99782669071477,23.135362850696097,270597600
2016-01-05,23.157909393310547,23.86588156747759,23.09026975869442,23.843335022605547,223164000
2016-01-06,22.704721450805664,23.081255885975757,22.517583538933,22.67315593698659,273829600
2016-01-07,21.746475219726562,22.576200859718405,21.741966598506444,22.24927163523591,324377600
2016-01-08,21.861465454101562,22.346223957897735,21.81637235987501,22.21996191791037,283192000
2016-01-11,22.2154483795166,22.33494661019303,21.947139862962413,22.314655236768445,198957600
2016-01-12,22.537874221801758,22.70246729894013,22.285348398855252,22.670901786095747,196616800
2016-01-13,21.958417892456055,22.815200473070544,21.938126515429893,22.61904189419429,249758400
2016-01-14,22.438669204711914,22.655120911036093,21.58639684675493,22.086938192270384,252680400
2016-01-15,21.899797439575195,22.030569837123405,21.500718174178445,21.690111257365654,319335600
2016-01-19,21.793825149536133,22.24250778814382,21.53228039444584,22.18839573268043,212350800
2016-01-20,21.823139190673828,22.138796054786017,21.063308233798463,21.442096126694782,289337600
2016-01-21,21.712663650512695,22.068903334658593,21.406025697436156,21.884018838261724,208646000
2016-01-22,22.8670597076416,22.876078671753593,22.179380465969416,22.238001152410096,263202000
2016-01-25,22.420637130737305,22.891866498657187,22.368778505656334,22.88961132708187,207178000
2016-01-26,22.544635772705078,22.74530296448651,22.111735879436683,22.53110818860021,300308000
2016-01-27,21.063304901123047,21.787059886927032,21.045266975698283,21.654034057349705,533478800
2016-01-28,21.21437644958496,21.311328184120864,20.831079854550108,21.146736784680392,222715200
2016-01-29,21.947145462036133,21.947145462036133,21.27299382328388,21.37220070584501,257666000
2016-02-01,21.741968154907227,21.805099177655535,21.509735441143935,21.75098711818432,163774000
2016-02-02,21.30230712890625,21.654038140049035,21.257212306842064,21.51424677193742,149428800
2016-02-03,21.72393035888672,21.834409649360104,21.212116661223543,21.419547657269064,183857200
2016-02-04,21.898487091064453,22.063973316124038,21.57885168310811,21.730735187098187,185886800
2016-02-05,21.31361198425293,21.971020083414807,21.238804830218037,21.880342806026064,185672400
2016-02-08,21.53804588317871,21.694462466550164,21.091461568607453,21.111863054884942,216085600
2016-02-09,21.533506393432617,21.748865169160446,21.293213049729875,21.374822436180885,177324800
2016-02-10,21.37029457092285,21.841815239434162,21.331757272988767,21.74433742555467,169374400
2016-02-11,21.24107551574707,21.472302714075532,20.989446833197306,21.26147872949399,200298800
2016-02-12,21.306814193725586,21.42242778029908,21.084656651945615,21.352153702933542,161405600
2016-02-16,21.90755271911621,21.95515791409869,21.447367438093213,21.540310419861186,196231600
2016-02-17,22.243059158325195,22.26346064438002,21.796474848627966,21.914354136949324,179452800
2016-02-18,21.821409225463867,22.417609568857365,21.78287020599631,22.40627425792121,156084000
2016-02-19,21.77153968811035,21.934758503214418,21.717133992917617,21.762471783990584,141496800
2016-02-22,21.96195411682129,21.966488932328957,21.74432966963815,21.832739547258633,137123200
2016-02-23,21.465503692626953,21.875816379034177,21.433766895309585,21.853147485168304,127770400
2016-02-24,21.785137176513672,21.848610765619725,21.154932642495577,21.30455044212464,145022800
2016-02-25,21.934755325317383,21.934755325317383,21.59244934487425,21.773803941943285,110330800
2016-02-26,21.968759536743164,22.220386489221053,21.893950635709555,22.03449880544172,115964400
2016-02-29,21.918888092041016,22.26799458575054,21.909820188753347,21.957425383869325,140865200
2016-03-01,22.789386749267578,22.84379244112926,22.084373245235227,22.13651325835009,201628400
2016-03-02,22.83925437927246,22.870991170072692,22.587625731123904,22.7848486992614,132678400
2016-03-03,23.009281158447266,23.056886360197492,22.77125342017019,22.800724542343627,147822800
2016-03-04,23.351587295532227,23.519339206569647,22.97981185511094,23.206504281198356,184220400
2016-03-07,23.093156814575195,23.31078132426256,22.886865887861397,23.21103610875032,143315600
2016-03-08,22.902725219726562,23.06821137725737,22.759909678218598,22.846052138719806,126247600
2016-03-09,22.923137664794922,23.027415968321794,22.730447728110132,22.966208047637537,108806800
2016-03-10,22.934465408325195,23.17702616182926,22.70323996451378,22.988872819419413,134054400
2016-03-11,23.18157196044922,23.1861050487587,23.009285202742614,23.177037142613486,109632800
2016-03-14,23.24050521850586,23.328916849974,23.07275331860583,23.102224438937156,100304400
2016-03-15,23.707487106323242,23.843502174596225,23.542000924748738,23.56693722237675,160270800
2016-03-16,24.0225887298584,24.099663299082888,23.70975217835212,23.714286993909667,153214000
2016-03-17,23.984058380126953,24.135941884238964,23.793635850733928,23.920583050645355,137682800
2016-03-18,24.011255264282227,24.142737253141327,23.845770803757425,24.106465643997222,176820800
2016-03-21,24.00899314880371,24.403437444391265,23.834439030563434,24.01352623585668,142010800
2016-03-22,24.192611694335938,24.32182628508781,23.850305707439503,23.85937361041647,129777600
2016-03-23,24.058860778808594,24.27195216159203,24.006722501867245,24.138204492500666,102814000
2016-03-24,23.9545841217041,24.086066121263983,23.77776433654975,23.909246336109632,104532000
2016-03-28,23.84577751159668,24.072469943939566,23.816306388495462,24.0293978283461,77645600
2016-03-29,24.410234451293945,24.43517075033608,23.775495123990456,23.777762531955794,124760400
2016-03-30,24.836427688598633,25.031383360806675,24.618803114174245,24.630138430045605,182404400
2016-03-31,24.707202911376953,24.913493814859084,24.68226661030712,24.8726891157926,103553600
2016-04-01,24.93389320373535,24.936160611694472,24.52811365532926,24.659595644549775,103496000
2016-04-04,25.1900634765625,25.432624307792803,24.99737352719438,25.031377737643226,149424800
2016-04-05,24.893095016479492,25.101653365108593,24.80468510773956,24.82508832565507,106314800
2016-04-06,25.15378189086914,25.158316706212684,24.75480288737706,24.988297450861126,105616400
2016-04-07,24.605194091796875,25.03137519482077,24.50998369583289,24.924829486683343,127207600
2016-04-08,24.632394790649414,24.884021740771797,24.52131427941791,24.689067885533632,94326800
2016-04-11,24.714004516601562,25.07444632946965,24.670934136976054,24.702670934395165,117630000
2016-04-12,25.035905838012695,25.04950682673289,24.63239369707538,24.78654284797231,108929200
2016-04-13,25.398618698120117,25.466625385745292,25.117520584312434,25.117520584312434,133029200
2016-04-14,25.41221809387207,25.47795909844938,25.237665704117397,25.303406708694705,101895600
2016-04-15,24.902162551879883,25.45756003110272,24.87496056776389,25.414487916884465,187756000
2016-04-18,24.364898681640625,24.698135039997922,24.242484584284085,24.684534050133532,243286000
2016-04-19,24.23568344116211,24.48277730789355,24.081532551894348,24.455573599366666,129539600
2016-04-20,24.28555679321289,24.50318129508087,24.04299598836283,24.174477998718213,122444000
2016-04-21,24.0225887298584,24.240213179435376,23.920576134118157,24.240213179435376,126210000
2016-04-22,23.956851959228516,24.13820656390819,23.716558578124786,23.80496847228656,134732400
2016-04-25,23.82084083557129,23.95005545081808,23.691626220324498,23.802705026179392,112126400
2016-04-26,23.655351638793945,23.870710456916342,23.555608158682986,23.555608158682986,224064800
2016-04-27,22.175048828125,22.376804910562402,21.689927267036683,21.76246876039029,458408400
2016-04-28,21.49724006652832,22.188650828210754,21.365758063359937,22.12744464302586,328970800
2016-04-29,21.25014305114746,21.472302342805527,20.97131239445713,21.30681614570532,274126000
2016-05-02,21.227474212646484,21.327219412767505,20.946376147199313,21.30228311273725,192640400
2016-05-03,21.57658576965332,21.70353297825863,21.236547121295384,21.354426425068027,227325200
2016-05-04,21.352157592773438,21.73980138711214,21.268280782602496,21.581115670263795,164102000
2016-05-05,21.265487670898438,21.45478833702356,21.137767578117998,21.438823325426007,143562000
2016-05-06,21.146894454956055,21.313386499818005,20.948470641158863,21.2951420119271,174799600
2016-05-09,21.16285514831543,21.386365304832808,21.117239587761883,21.21075018185487,131745600
2016-05-10,21.30654525756836,21.340756501011796,21.007770660945,21.286019555535972,134747200
2016-05-11,21.098997116088867,21.340753519887194,21.087592789848767,21.320227820722074,114876400
2016-05-12,20.604082107543945,21.160579923387402,20.40566001816674,21.146896121376894,305258800
2016-05-13,20.645130157470703,20.90741398495114,20.52653317585696,20.52653317585696,177571200
2016-05-16,21.411453247070312,21.527770750428644,20.902852366602875,21.071625589084583,245039200
2016-05-17,21.322505950927734,21.598473576008658,21.213032082163878,21.56426407955481,187667600
2016-05-18,21.56654167175293,21.714789190328467,21.413733467399883,21.475314035757787,168249600
2016-05-19,21.484434127807617,21.58478660949253,21.340749043622374,21.58478660949253,121768400
2016-05-20,21.717073440551758,21.7649684781644,21.557421575120426,21.58479091378016,128104000
2016-05-23,21.9930362701416,22.166371896965245,21.819700643317958,21.865316197774433,152074400
2016-05-24,22.328306198120117,22.371638805602565,22.086548077179312,22.17321677225564,140560800
2016-05-25,22.720592498779297,22.747960096493543,22.37620239374333,22.503922489891956,152675200
2016-05-26,22.900772094726562,22.97375526188401,22.497082591968223,22.73427832024391,225324800
2016-05-27,22.887083053588867,22.91445238960724,22.63620356361535,22.679537910630522,145364800
2016-05-31,22.775327682495117,22.89848708290381,22.53813199356604,22.71602832524893,169228800
2016-06-01,22.456026077270508,22.70234488193408,22.426377268212295,22.58374616558983,116693200
2016-06-02,22.287256240844727,22.31462384103916,22.03865618539083,22.259886900594328,160766400
2016-06-03,22.33286476135254,22.412689809712322,22.225670379245592,22.303215954834776,114019600
2016-06-06,22.494802474975586,23.238319722918746,22.24848536134896,22.348836133546456,93170000
2016-06-07,22.586021423339844,22.777603245360016,22.570056416509434,22.636197656251206,89638000
2016-06-08,22.565502166748047,22.706906056125884,22.506202807300966,22.58374665114614,83392400
2016-06-09,22.72743034362793,22.804974176725523,22.45602344767536,22.46514655863781,106405600
2016-06-10,22.540416717529297,22.659013710439098,22.460591651142323,22.471994237737064,126851600
2016-06-13,22.200584411621094,22.60655507133025,22.145847478873232,22.50848379096015,152082000
2016-06-14,22.22795295715332,22.460587958152097,22.06602163766294,22.196022935848493,127727600
2016-06-15,22.15497589111328,22.444629115477838,22.1298877617571,22.310065354380505,117780800
2016-06-16,22.248485565185547,22.29409939477904,21.9109373100031,21.997604282253157,125307200
2016-06-17,21.742156982421875,22.043212683988724,21.735315084213276,22.03637078578012,244032800
2016-06-20,21.689699172973633,22.02496610012959,21.673734164064086,21.894964816136,137647600
2016-06-21,21.874435424804688,21.974786146680447,21.593905469886476,21.653204810123405,142185600
2016-06-22,21.792335510253906,22.097951929355492,21.74671995064911,21.9519856187315,116876400
2016-06-23,21.917776107788086,21.9611104578068,21.723914749374387,21.88128539729008,128960800
2016-06-24,21.30198097229004,21.589352932595514,21.130926524022275,21.1902258866374,301245600
2016-06-27,20.991804122924805,21.222157956003795,20.868644699498095,21.210753628998063,181958400
2016-06-28,21.34531593322754,21.361282687277768,21.014611326180614,21.187947006729193,161779600
2016-06-29,21.530052185058594,21.564263420522675,21.354435321702322,21.43198090475795,146124000
2016-06-30,21.803733825683594,21.84250573871391,21.50724057655986,21.539170592003103,143345600
2016-07-01,21.86988067626953,22.00216319705296,21.74216058175079,21.778651291589384,104106000
2016-07-05,21.66461181640625,21.758122400495783,21.543733638968,21.755841187698216,110820800
2016-07-06,21.78777313232422,21.817423681146657,21.523209846255547,21.57566556484717,123796400
2016-07-07,21.881282806396484,22.009002888100305,21.808299653986353,21.82654413704718,100558400
2016-07-08,22.05006217956543,22.0979572235834,21.906377047511516,22.006727822572746,115648400
2016-07-11,22.118473052978516,22.271281218913707,22.0614549247888,22.066015609419697,95179600
2016-07-12,22.21883201599121,22.28269206483961,22.15041128082042,22.161813866654306,96670000
2016-07-13,22.093395233154297,22.275852284355423,22.08655159293596,22.21655465624445,103568800
2016-07-14,22.53129005432129,22.5769038736255,22.196023088262756,22.211988099024797,155676000
2016-07-15,22.529010772705078,22.647609497152324,22.465150724182323,22.560940796966456,120548000
2016-07-18,22.76848793029785,22.83690866582766,22.487957868463706,22.510764780306978,145975600
2016-07-19,22.777612686157227,22.807261499686675,22.656732738561878,22.706908992270144,95119600
2016-07-20,22.798131942749023,22.91216821801691,22.747955703222278,22.807255053577112,105104000
2016-07-21,22.67725372314453,23.03532755715351,22.608831262101095,22.768483091183953,130808000
2016-07-22,22.501638412475586,22.64760470393646,22.421811628661136,22.63848159321322,113254800
2016-07-25,22.200584411621094,22.542693286392737,22.104794344298405,22.408131297542635,161531600
2016-07-26,22.047775268554688,22.3442703102066,21.99075712516437,22.08198650260001,224959200
2016-07-27,23.480066299438477,23.799368189884166,23.434452489398513,23.781121969846055,369379200
2016-07-28,23.797096252441406,23.822184379758244,23.450426636877086,23.4527078502848,159479200
2016-07-29,23.767444610595703,23.844990196727817,23.646566415208607,23.76288392437889,110934800
2016-08-01,24.187097549438477,24.209904459186337,23.81305866139538,23.81305866139538,152671600
2016-08-02,23.829023361206055,24.191657919614244,23.719547759767256,24.18709723374647,135266400
2016-08-03,24.127798080444336,24.139200665237684,23.895163077947462,23.90428618981554,120810400
2016-08-04,24.276853561401367,24.306662989971674,24.141560848235834,24.210353990453193,109634800
2016-08-05,24.646038055419922,24.685020016811045,24.347936792998272,24.36857368450575,162213600
2016-08-08,24.850122451782227,24.850122451782227,24.572659826944946,24.655209143470145,112148800
2016-08-09,24.951019287109375,24.980830466332375,24.767573816464672,24.81802188947373,105260800
2016-08-10,24.765275955200195,24.971653604723272,24.710242498488057,24.928084503856724,96034000
2016-08-11,24.749225616455078,24.978533737890043,24.73088054686457,24.884516568350286,109938000
2016-08-12,24.80655860900879,24.866179224766544,24.714834988492832,24.714834988492832,74641600
2016-08-15,25.104656219482422,25.118414148202916,24.7836244699733,24.797382398693795,103472800
2016-08-16,25.08172035217285,25.27663364456053,25.04273839348813,25.139047379467574,135177600
2016-08-17,25.04503631591797,25.079432888167485,24.843244025111378,25.017518708221886,101424000
2016-08-18,25.01293182373047,25.132171284339698,24.999172145961616,25.047328393929245,87938800
2016-08-19,25.0771427154541,25.152814834762193,24.8478345353563,24.94184997946546,101472400
2016-08-22,24.882221221923828,25.017512154653595,24.73087704346489,24.96247870316029,103280800
2016-08-23,24.96019172668457,25.067966836881883,24.88681318881356,24.90057111795114,85030800
2016-08-24,24.772157669067383,24.93725980701721,24.691900171309065,24.895984272529752,94700400
2016-08-25,24.666675567626953,24.73776052836212,24.46259147111189,24.6254000340912,100344800
2016-08-26,24.5222110748291,24.753811017933824,24.377745838605023,24.629986171859084,111065200
2016-08-29,24.49469757080078,24.636869259753976,24.373164525969667,24.44883663861326,99881200
2016-08-30,24.306657791137695,24.421311837322307,24.192003744953084,24.260796872456613,99455600
2016-08-31,24.329586029052734,24.437361102542916,24.224104526131764,24.228691667270184,118649600
2016-09-01,24.47405433654785,24.49010583360384,24.219522205030025,24.33876164751996,106806000
2016-09-02,24.703365325927734,24.765277750531908,24.494694090315328,24.69648461254312,107210000
2016-09-06,24.696483612060547,24.83406988246435,24.652916259282637,24.74234628535585,107521600
2016-09-07,24.84782600402832,24.939549594471302,24.55201834332775,24.726292990221214,169457200
2016-09-08,24.196590423583984,24.59787960656705,24.132384434223813,24.593294214247894,212008000
2016-09-09,23.64854621887207,24.24245517027927,23.64854621887207,23.99480197626819,186228000
2016-09-12,24.178241729736328,24.242447704822805,23.51095445405557,23.538472050299035,181171200
2016-09-13,24.753814697265625,24.946434457700768,24.591006116727257,24.65292029844949,248704800
2016-09-14,25.62976837158203,25.91869709905094,24.902862034921178,24.932673210851508,443554800
2016-09-15,26.501140594482422,26.537830735145132,26.024179262760363,26.109023900931234,359934400
2016-09-16,26.352083206176758,26.629545763272738,26.150292732692883,26.397945870251558,319547600
2016-09-19,26.04481315612793,26.64101383734844,25.969141066918212,26.413999319201167,188092000
2016-09-20,26.042522430419922,26.168642592880882,25.799456389475605,25.923282980942165,138057200
2016-09-21,26.037935256958008,26.138829630543682,25.783403127933372,26.106726636746156,144012800
2016-09-22,26.28329849243164,26.356677024057987,26.141126822007134,26.22138431761686,124296000
2016-09-23,25.845319747924805,26.322281089744948,25.579323220417336,26.23743644977777,209924800
2016-09-26,25.884302139282227,26.00124978020245,25.57932364356187,25.5999605363513,119477600
2016-09-27,25.932451248168945,25.9530898861506,25.76047017941008,25.911814359669194,98429600
2016-09-28,26.129661560058594,26.287884734717814,26.01042209836854,26.07004270395469,118564400
2016-09-29,25.723783493041992,26.09526325590385,25.636647042263935,25.948506207497637,143548000
2016-09-30,25.923282623291016,25.996661148760822,25.636647484818017,25.787989928201096,145516400
2016-10-03,25.801748275756836,25.92328304601615,25.746714818127575,25.84531737734946,86807200
2016-10-04,25.911815643310547,26.212208698456283,25.82697101537292,25.9255735696586,118947200
2016-10-05,25.923282623291016,26.063160710824405,25.840731563452227,26.003540112167048,85812400
2016-10-06,26.115901947021484,26.219089902414694,25.941627283963353,26.072332843886418,115117200
2016-10-07,26.15488624572754,26.269540317293217,26.02876781669467,26.212213281510376,97433600
2016-10-10,26.6112060546875,26.771721027005228,26.306225857801827,26.375017239017144,144944000
2016-10-11,26.668535232543945,27.216581503017665,26.645603020806266,26.989565203085945,256164000
2016-10-12,26.907012939453125,27.05377174020459,26.771721993541217,26.909306510421036,150347200
2016-10-13,26.824460983276367,26.929942494130234,26.53553230168768,26.780891886593427,140769600
2016-10-14,26.973506927490234,27.097333491937466,26.858852895537062,27.030833943466824,142608800
2016-10-17,26.955169677734375,27.021667491687403,26.778601449083403,26.904721612405524,94499600
2016-10-18,26.93682098388672,27.106508476673646,26.932233842483864,27.09962951405121,98214000
2016-10-19,26.856565475463867,27.00332252045422,26.09526264852068,26.886374898843105,80138400
2016-10-20,26.842805862426758,26.91618438509333,26.675411927663315,26.79694494181589,96503200
2016-10-21,26.73733139038086,26.808418110384718,26.663952848379978,26.78548589455496,92770800
2016-10-24,26.97809600830078,26.998732895785007,26.82904540614804,26.85197586429112,94154800
2016-10-25,27.11568260192871,27.14090663267976,26.90013242986774,27.046889472701864,192516000
2016-10-26,26.505718231201172,26.53094225815516,25.982896126121517,26.21220418971657,264536800
2016-10-27,26.251195907592773,26.567640502186865,26.16405769714522,26.459865399464192,138248000
2016-10-28,26.076919555664062,26.41858816289721,26.015005383864285,26.11131612338815,151446800
2016-10-31,26.03564453125,26.193867696172408,25.95767885959181,26.060868564773347,105677600
2016-11-01,25.56555938720703,26.088381571364735,25.345423822797574,26.017296620732647,175303200
2016-11-02,25.58848762512207,25.76276225453521,25.505938326433526,25.544920279880134,113326800
2016-11-03,25.314220428466797,25.689911123931676,25.24968477608899,25.579279079416764,107730400
2016-11-04,25.08603286743164,25.411018161450443,24.917779491556118,25.014582948234988,123348000
2016-11-07,25.447898864746094,25.470947057587843,25.228936636588486,25.371838245750364,130240000
2016-11-08,25.59770965576172,25.749830873894304,25.284249350334726,25.424845594318782,97016800
2016-11-09,25.556224822998047,25.65763897878618,24.903952367578423,25.3257393841809,236705600
2016-11-10,24.844030380249023,25.60463141774346,24.3922790453728,25.60463141774346,228538000
2016-11-11,24.991533279418945,25.09294742335034,24.558221338150155,24.689597952577575,136575600
2016-11-14,24.364614486694336,24.84863353586414,23.988923870500464,24.82558534465877,204702000
2016-11-15,24.687297821044922,24.818674463224404,24.468337336900625,24.56283546132786,129058000
2016-11-16,25.35109519958496,25.406412975962784,24.569749632509346,24.592797826767857,235362000
2016-11-17,25.34187126159668,25.434065781420426,25.083728716247236,25.309603443428,110528000
2016-11-18,25.367225646972656,25.477859426154385,25.275032882529526,25.288861445503144,113715600
2016-11-21,25.75213623046875,25.812061172364825,25.35570103471727,25.381054571082597,117058400
2016-11-22,25.768268585205078,25.91116840868547,25.676074072933307,25.80283998865094,103862000
2016-11-23,25.636886596679688,25.701422214187563,25.42944942721602,25.666849059533003,109705600
2016-11-25,25.765972137451172,25.78441139796659,25.572363418968628,25.61385087589598,45903600
2016-11-28,25.71526336669922,25.922700637755167,25.67377591248803,25.682995542142134,108776000
2016-11-29,25.689903259277344,25.821279870959838,25.369528684148737,25.533173112141732,114115200
2016-11-30,25.473249435424805,25.860465035544145,25.415628076826476,25.72217412660102,144649200
2016-12-01,25.23584747314453,25.570052378346286,25.1298243937763,25.43867576277433,148347600
2016-12-02,25.330345153808594,25.37413618291569,25.08833478670851,25.162090042454363,106112000
2016-12-05,25.148265838623047,25.360312015822757,24.95004822475157,25.353397734158637,137298000
2016-12-06,25.34187126159668,25.436371127993674,25.166703608242187,25.238153525835095,104782000
2016-12-07,25.590797424316406,25.6276759377741,25.15979078868156,25.18283898036046,119994800
2016-12-08,25.842023849487305,25.913473761244525,25.4916850544639,25.551611751224442,108273200
2016-12-09,26.263813018798828,26.436677084543792,25.885817069046983,25.885817069046983,137610400
2016-12-12,26.113998413085938,26.50582291805411,25.927304029820526,26.111693066549183,105497600
2016-12-13,26.54961585998535,26.717869230371825,26.217716295383603,26.23845913893912,174935200
2016-12-14,26.54961585998535,26.782404866052346,26.501214133224963,26.515042695595305,136127200
2016-12-15,26.694820404052734,26.904562973479848,26.558834854747445,26.59340625984937,186098000
2016-12-16,26.729394912719727,26.85155190613154,26.655639647350466,26.84463762476321,177404400
2016-12-19,26.88382339477539,27.054382139512974,26.67869148001228,26.690216456175612,111117600
2016-12-20,26.955270767211914,27.082038459129734,26.893040473838635,26.90686903715174,85700000
2016-12-21,26.980623245239258,27.05898920401707,26.916087607695317,26.92069830092802,95132800
2016-12-22,26.803152084350586,26.853859162610323,26.653336196346185,26.816980648070746,104343600
2016-12-23,26.85616111755371,26.85616111755371,26.641809600606074,26.641809600606074,56998000
2016-12-27,27.026721954345703,27.151184297285916,26.849247188898552,26.85616147042896,73187600
2016-12-28,26.911479949951172,27.201890332679678,26.78240691027418,27.086647614892843,83623600
2016-12-29,26.904560089111328,26.992143903420146,26.828499489113067,26.840022703423617,60158000
2016-12-30,26.694820404052734,27.012889640239454,26.604931233859443,26.886123718449394,122345200
2017-01-03,26.77088165283203,26.812369098411278,26.450507062483908,26.690212108223545,115127600
2017-01-04,26.740924835205078,26.85386398742596,26.678694528819115,26.701742725315224,84472400
2017-01-05,26.87691307067871,26.93453444305244,26.69252397569689,26.717877520218508,88774400
2017-01-06,27.176542282104492,27.234163648905533,26.844642646621857,26.916092578746483,127007600
2017-01-09,27.425453186035156,27.52686730970246,27.18344460700699,27.185748194571218,134247600
2017-01-10,27.453123092651367,27.51535339269941,27.266430434042743,27.374757122388264,97848400
2017-01-11,27.600629806518555,27.642117253601786,27.33557121451258,27.367839033525733,110354400
2017-01-12,27.485383987426758,27.496908960828073,27.245678960084668,27.40471444900972,108344800
2017-01-13,27.436986923217773,27.57066890013058,27.383974498419818,27.453120833640746,104447600
2017-01-17,27.65825653076172,27.713572551453154,27.24799267357642,27.27564980468984,137759200
2017-01-18,27.655946731567383,27.773494795270068,27.591411091405693,27.658252078277247,94852000
2017-01-19,27.607540130615234,27.67899003983621,27.51304203375497,27.519956314200357,102389200
2017-01-20,27.65825653076172,27.761974289366236,27.596026227291926,27.761974289366236,130391600
2017-01-23,27.676687240600586,27.84494059777907,27.605235570879703,27.65824798657816,88200800
2017-01-24,27.651338577270508,27.681301051487395,27.54301013888461,27.554535114294993,92844000
2017-01-25,28.09156036376953,28.1422674339267,27.722784069622943,27.755051885456766,129510400
2017-01-26,28.105392456054688,28.220635165146643,28.02702649947078,28.043160408405086,105350400
2017-01-27,28.107696533203125,28.19989105377367,28.02702698712798,28.15148932612858,82251600
2017-01-30,28.033937454223633,28.033937454223633,27.810368102223347,27.87259838402467,121510000
2017-01-31,27.969406127929688,27.978625755996777,27.801152751481993,27.923309746058493,196804000
2017-02-01,29.675003051757812,30.076049019289613,29.27395884269053,29.27856777817807,447940000
2017-02-02,29.624292373657227,29.82250998639,29.45142829919011,29.497526440793255,134841600
2017-02-03,29.751056671142578,29.776410206516037,29.539010519350114,29.573581923528376,98029200
2017-02-06,30.029945373535156,30.078348861680695,29.70957076388482,29.762584945408168,107383600
2017-02-07,30.315738677978516,30.44480991499054,30.066814070772132,30.08755690880747,152735200
2017-02-08,30.433298110961914,30.474787321910643,30.244301865545825,30.274266100290518,92016400
2017-02-09,30.6532039642334,30.66014822275311,30.352273143732877,30.474959753816158,113399600
2017-02-10,30.583765029907227,30.77358422649791,30.56756293361468,30.662472531910023,80262000
2017-02-13,30.854597091674805,30.977287244137845,30.729596895748088,30.805987277994184,92141600
2017-02-14,31.25506019592285,31.271262285606003,30.845331353290227,30.896258261738378,132904800
2017-02-15,31.368484497070312,31.54441509641387,31.162463294293417,31.370801604225175,142492400
2017-02-16,31.33145523071289,31.458768988642536,31.213395774352875,31.405528497207804,90338400
2017-02-17,31.417102813720703,31.442566271235464,31.273583434369908,31.273583434369908,88792800
2017-02-21,31.643966674804688,31.65554161949223,31.47729736140028,31.535168552660778,98028800
2017-02-22,31.738855361938477,31.74116893648058,31.507370749432816,31.581443988703693,83347600
2017-02-23,31.604598999023438,31.824508710207315,31.55135851850376,31.80136236450006,83152800
2017-02-24,31.63469886779785,31.63469886779785,31.315248862426834,31.461085348735534,87106400
2017-02-27,31.697202682495117,31.81526215650199,31.54673901944627,31.745816030411483,81029600
2017-02-28,31.71109962463379,31.81526706374818,31.64396706392686,31.73193240602122,93931600
2017-03-01,32.3592529296875,32.44258758427442,31.852304274142256,31.919433300142533,145658400
2017-03-02,32.1671142578125,32.472672213602706,32.12081449381077,32.40785678261157,104844000
2017-03-03,32.35694122314453,32.36851616820702,32.0814737786729,32.12545645060398,84432400
2017-03-06,32.25508499145508,32.35462527307624,32.08378853293693,32.262029251547595,87000000
2017-03-07,32.29674530029297,32.403226280869475,32.127758931529584,32.190260787540375,69785200
2017-03-08,32.176368713378906,32.36155715341623,32.134703168762755,32.16479377359363,74828800
2017-03-09,32.102291107177734,32.12775456118677,31.72497351144918,32.1161831538718,88623600
2017-03-10,32.208778381347656,32.25970529375484,32.09303604081785,32.23424183755125,78451200
2017-03-13,32.22268295288086,32.27592346704383,32.13472113212849,32.14166539344637,69686800
2017-03-14,32.17406463623047,32.326841877099305,32.1393398066237,32.24582433903701,61236400
2017-03-15,32.514347076416016,32.58147609467358,32.1833220722569,32.27128740089075,102767200
2017-03-16,32.56757736206055,32.64396772367826,32.468037121585745,32.57452161928256,76928000
2017-03-17,32.405548095703125,32.63934639760594,32.38239821021006,32.63934639760594,175540000
2017-03-20,32.74582290649414,32.75508073911819,32.46109421980029,32.50044618976005,86168000
2017-03-21,32.370819091796875,33.05601534719135,32.34535563390981,32.89629034155211,158119600
2017-03-22,32.73656463623047,32.77823371741696,32.35229920075717,32.373135507438455,103440800
2017-03-23,32.62083053588867,32.773611318563134,32.549070828559536,32.699534503141464,81385200
2017-03-24,32.55600357055664,32.81063811826074,32.48887457098504,32.755080526350106,89582400
2017-03-27,32.61156463623047,32.69026858402224,32.088406970162104,32.266651172541444,94300400
2017-03-28,33.28750991821289,33.343064001227454,32.551386528675096,32.61851908855397,133499200
2017-03-29,33.3615608215332,33.447212529005874,33.14628182994409,33.259707028111535,116760000
2017-03-30,33.317588806152344,33.44953677121335,33.218052087675545,33.37777708446479,84829200
2017-03-31,33.255088806152344,33.39629459726982,33.1046216501423,33.26897732131541,78646800
2017-04-03,33.264366149902344,33.36158934524533,33.1139024378144,33.26668325857246,79942800
2017-04-04,33.51203536987305,33.53981239890339,33.141658499315554,33.16017769606099,79565600
2017-04-05,33.33842468261719,33.6717631877653,33.28981134554312,33.38472091229311,110871600
2017-04-06,33.255088806152344,33.45416576523312,33.20647547090583,33.40092174754032,84596000
2017-04-07,33.181026458740234,33.37547282001327,33.16482436138947,33.271305378772524,66688800
2017-04-10,33.141666412353516,33.30602211510173,33.07916454993642,33.24120667710491,75733600
2017-04-11,32.785186767578125,33.18334082616107,32.421754009148394,33.088431229506256,121517600
2017-04-12,32.82452392578125,32.905541433604135,32.641649075102336,32.77822770242882,81400000
2017-04-13,32.650917053222656,32.958792122537375,32.650917053222656,32.8499940329233,71291600
2017-04-17,32.83146667480469,32.843041613155044,32.60923986787378,32.750445638527474,66328400
2017-04-18,32.68565368652344,32.88010007456624,32.66482090184267,32.73426704962304,58790000
2017-04-19,32.56527328491211,32.870834853644475,32.51203278084887,32.84305781364226,69313600
2017-04-20,32.97268295288086,33.08379462566669,32.67638280400104,32.69027132157722,93278400
2017-04-21,32.93333053588867,33.0282365821173,32.836107381977364,32.972682512554464,69283600
2017-04-24,33.250465393066406,33.32222509188119,33.143980866576484,33.218057673208875,68537200
2017-04-25,33.456485748291016,33.54213396298466,33.30370498788361,33.31296635455001,75486000
2017-04-26,33.25971984863281,33.47268887997508,33.19027726469098,33.44259473881616,80164800
2017-04-27,33.28518295288086,33.37083469245871,33.17407128757918,33.31527709371979,56985200
2017-04-28,33.252769470214844,33.40323661614047,33.16480770268543,33.354623284152055,83441600
2017-05-01,33.93103790283203,34.07455732948006,33.55603370691827,33.588441433328384,134411600
2017-05-02,34.14631271362305,34.28057428663632,33.99121836173965,34.15325697324642,181408800
2017-05-03,34.04213333129883,34.14167357123611,33.396292687910275,33.70185060055549,182788000
2017-05-04,33.91946029663086,34.060666136091115,33.75279099326214,33.91714672070354,93487600
2017-05-05,34.481956481933594,34.4865836319637,33.97268740457451,33.97268740457451,109310800
2017-05-08,35.41948318481445,35.579208240355044,34.49817479446022,34.49817479446022,195009600
2017-05-09,35.64633560180664,35.852356874597746,35.52133186693124,35.61855503173614,156521600
2017-05-10,35.47734069824219,35.634752116987755,35.21113472976516,35.56299243151182,103222800
2017-05-11,35.784175872802734,35.812071114671106,35.402974003664674,35.43551549688048,109020400
2017-05-12,36.28392028808594,36.35829931525376,35.95152892434139,35.95850184730224,130108000
2017-05-15,36.19094467163086,36.41176219035875,36.0398599342793,36.26300057857565,104038800
2017-05-16,36.137481689453125,36.27462056955836,35.963151522512334,36.24672887780986,80194000
2017-05-17,34.92412567138672,35.92826862441385,34.79860957563559,35.702801439500476,203070800
2017-05-18,35.456424713134766,35.642377572865925,35.128686743624414,35.161228228070684,134272800
2017-05-19,35.577293395996094,35.79113793606161,35.477345821003205,35.651675956065326,107843200
2017-05-22,35.7934684753418,35.930607345187425,35.54243262811674,35.7957916005616,91865600
2017-05-23,35.74930953979492,36.00499167515767,35.63541254562239,36.00499167515767,79675600
2017-05-24,35.642372131347656,35.835297883523644,35.48663765479107,35.75859220759185,76712000
2017-05-25,35.76557540893555,35.87714926786471,35.57032647594392,35.73303392010361,76942400
2017-05-26,35.705135345458984,35.85157379035021,35.635402583760516,35.79578687164032,87710400
2017-05-30,35.71908950805664,35.8957428049836,35.640060681543765,35.660979450898985,80507600
2017-05-31,35.507568359375,35.835309935832555,35.41924348351713,35.78882259905108,97804800
2017-06-01,35.60518264770508,35.640050800386376,35.38204207626871,35.602859522895166,65616400
2017-06-02,36.13282775878906,36.13282775878906,35.53778142451099,35.698165727231675,111082800
2017-06-05,35.77951431274414,35.90038419642167,35.67027069388351,35.874815635389034,101326800
2017-06-06,35.90039825439453,36.216517156968564,35.74466370230572,35.772555399170294,106499600
2017-06-07,36.11423110961914,36.25601976709209,35.90735948282311,36.032879171343204,84278400
2017-06-08,36.02592086791992,36.15376018662159,35.888778404923656,36.08635406488357,85003200
2017-06-09,34.628936767578125,36.07239183529089,33.94091582604225,36.07239183529089,259530800
2017-06-12,33.801448822021484,33.95718330904948,33.125047081578536,33.87583137826169,289229200
2017-06-13,34.07341384887695,34.27331259666907,33.73869933659652,34.205906487803205,136661600
2017-06-14,33.74102783203125,34.284937170497514,33.43420499694354,34.284937170497514,126124800
2017-06-15,33.538795471191406,33.5829596774279,33.055322968065674,33.313331736349795,128661600
2017-06-16,33.06926727294922,33.58760791058845,33.0529947569857,33.42025068777792,201444400
2017-06-19,34.015289306640625,34.10826749088572,33.39235143259632,33.39235143259632,130165600
2017-06-20,33.706153869628906,34.13849280587483,33.689884899100015,34.13849280587483,99600400
2017-06-21,33.90604782104492,33.95253869431153,33.61317447194587,33.82469588633968,85063200
2017-06-22,33.85026931762695,34.098978500955376,33.73172253920091,33.882810805541595,76425200
2017-06-23,34.00136184692383,34.20591041608749,33.729407161153226,33.734056959567944,141757600
2017-06-26,33.894432067871094,34.46623298045986,33.79215781117885,34.208224213533896,102769600
2017-06-27,33.40863037109375,33.97346192538377,33.38306180613813,33.706153555983036,99047600
2017-06-28,33.896751403808594,33.96183436956342,33.276136557446506,33.58528241815972,88329600
2017-06-29,33.397003173828125,33.73404427035426,33.07158834234401,33.636419820909026,125997600
2017-06-30,33.476036071777344,33.694530410775855,33.420249151153556,33.57598364779478,92096400
2017-07-03,33.35516357421875,33.77355657927432,33.26218892720882,33.675932135887265,57111200
2017-07-05,33.492313385009766,33.65502084392385,33.173871390652444,33.399338707560744,86278400
2017-07-06,33.17618942260742,33.35516937331201,33.10181040141911,33.24359906815151,96515200
2017-07-07,33.513221740722656,33.64571433900802,33.21569860923733,33.21569860923733,76806800
2017-07-10,33.7177734375,33.92464506499715,33.32494894841133,33.496955966065755,84362400
2017-07-11,33.82700729370117,33.90138982775727,33.55970259879024,33.64105450531535,79127200
2017-07-12,33.87583923339844,33.97810995181003,33.661994654754764,33.90605405046618,99538000
2017-07-13,34.347686767578125,34.515043982750065,33.80610071664055,33.82004656011226,100797600
2017-07-14,34.64287567138672,34.71028529576908,34.245405032323575,34.39416657475594,80528400
2017-07-17,34.76374053955078,35.07520942009906,34.53362711212164,34.591737136705476,95174000
2017-07-18,34.88461685180664,34.896239568229284,34.556875401165534,34.68006839238438,71475200
2017-07-19,35.103111267089844,35.196085905265036,34.8543986125008,34.97759160412273,83692000
2017-07-20,34.94506072998047,35.270479155850346,34.91019611677407,35.21469222796392,68974800
2017-07-21,34.92877960205078,34.96829399885,34.605687960687774,34.86369664888089,105010400
2017-07-24,35.35183334350586,35.43318884182019,34.842788677882595,35.00084987687023,85972800
2017-07-25,35.50291442871094,35.75859649908012,35.284420091668906,35.284420091668906,75415600
2017-07-26,35.67027282714844,35.779516452542396,35.577294623853,35.644704264586665,63124000
2017-07-27,34.99619674682617,35.79346849541717,34.2384429542864,35.737681569306076,129905200
2017-07-28,34.74980926513672,34.919489614945064,34.6777533719341,34.84046079961032,68854800
2017-07-31,34.570831298828125,34.94273705200964,34.43136930145214,34.84278591780521,79383600
2017-08-01,34.877655029296875,34.9171694403032,34.496453217920134,34.65683753402334,141474400
2017-08-02,36.52565002441406,37.132319040752925,36.29785963935268,37.02307187157176,279747200
2017-08-03,36.160709381103516,36.54191101716612,36.032866612080014,36.50471974858573,108389200
2017-08-04,36.3513298034668,36.58609317427677,36.188622341184804,36.27695076931931,82239600
2017-08-07,36.913822174072266,36.939390734188,36.41640036098421,36.507051883802646,87481200
2017-08-08,37.20903396606445,37.615804385203596,36.788317700035876,36.86502340468434,144823600
2017-08-09,37.43682098388672,37.485634990292006,36.9835632676502,37.01842788168521,104526000
2017-08-10,36.24437713623047,37.33646708946963,36.08336305219785,37.31313037326552,163217200
2017-08-11,36.74842834472656,37.0027858132447,36.41940333067996,36.54308013212896,105028400
2017-08-14,37.30147933959961,37.38548656397579,37.0447896093712,37.17780253158527,88490800
2017-08-15,37.70985412597656,37.8498638189036,37.36915710788604,37.4905016903041,117862000
2017-08-16,37.55817413330078,37.92220433562523,37.3714909739668,37.78919494355365,110686400
2017-08-17,36.83709716796875,37.50215450585416,36.83242911193449,37.457816875237334,111762400
2017-08-18,36.75309371948242,37.21979967147585,36.57107868305969,36.837100933268594,109712400
2017-08-21,36.685428619384766,36.84410695857268,36.19538586942794,36.75309942623034,105474000
2017-08-22,37.28512954711914,37.336467474751565,36.87442968674276,36.923431806320885,86418400
2017-08-23,37.33181381225586,37.446158069827526,37.07512763581381,37.119465277743316,77596400
2017-08-24,37.16611862182617,37.509147681142444,36.99810424335767,37.43680528875181,79275600
2017-08-25,37.30381393432617,37.467160336253635,37.16613650703621,37.254808233405676,101920400
2017-08-28,37.679508209228516,37.80318501113862,37.3201426046457,37.36914830006485,103864000
2017-08-29,38.01552963256836,38.06453175769056,37.33647169897915,37.35980841806438,118067600
2017-08-30,38.11820983886719,38.244218878495545,37.945527355755026,38.22321796533812,109078400
2017-08-31,38.26988983154297,38.39123438165889,38.14854528142704,38.185882613875634,107140400
2017-09-01,38.28156280517578,38.48924684600232,38.18355496620326,38.45657756634481,66364400
2017-09-05,37.82183074951172,38.32820601200801,37.46713341682365,38.21152958579185,117874000
2017-09-06,37.782169342041016,38.03419090431445,37.45780894961814,37.96885237639349,86606800
2017-09-07,37.630496978759766,37.85918544283266,37.42048073941826,37.824180362486686,87714000
2017-09-08,37.01678466796875,37.604831618819254,36.99344794549903,37.53716082075135,114446000
2017-09-11,37.68649673461914,37.81484155328231,37.31079838945042,37.45314381366175,126323200
2017-09-12,37.53715515136719,38.260550710464074,37.049448347292106,37.945522808122405,286856000
2017-09-13,37.25479507446289,37.32713747611398,36.84876324175742,37.306133005604565,179629600
2017-09-14,36.935096740722656,37.19645084940027,36.89075911999713,37.10077886648394,95042800
2017-09-15,37.30847930908203,37.562833228128845,36.869774523434856,36.979450719846646,196458400
2017-09-18,37.026119232177734,37.453155639650234,36.86977315305132,37.36214811416817,113077600
2017-09-19,37.04011917114258,37.28280827515437,36.972448370624015,37.2221342188094,83242400
2017-09-20,36.41939926147461,36.93043926812725,35.89668733365387,36.84643205759684,211805600
2017-09-21,35.79401397705078,36.35639552154219,35.64466821011986,36.35639552154219,150046800
2017-09-22,35.443992614746094,35.53266790814327,35.133632648540754,35.36231762759767,186581600
2017-09-25,35.131290435791016,35.42998195330282,34.80692994908598,35.00061334196507,177549200
2017-09-26,35.73567199707031,35.91768702022665,35.39731091867371,35.41831183041862,146640000
2017-09-27,35.990020751953125,36.10436496744996,35.82900666342926,35.88968070297916,102016800
2017-09-28,35.76834487915039,36.00169786169218,35.63299972199408,35.91069034092824,88022000
2017-09-29,35.9643669128418,35.966702721919496,35.46965964147191,35.752018367161156,105199200
2017-10-02,35.89200973510742,36.04135545182505,35.637655923315066,35.99701783018216,74795200
2017-10-03,36.048362731933594,36.19070817391197,35.915353401941296,35.938686560539594,64921200
2017-10-04,35.81501007080078,35.9036853319667,35.57699262348722,35.85001515000581,80655200
2017-10-05,36.26071548461914,36.272383844489624,35.948023379917835,35.97835684276088,85135200
2017-10-06,36.239707946777344,36.284045569767876,36.067025510046555,36.16270105853319,69630400
2017-10-09,36.36573028564453,36.57341431104818,36.284058872908,36.35872998057238,65051600
2017-10-10,36.37971878051758,36.86976133647814,36.19303929318306,36.417056102257675,62468000
2017-10-11,36.53141784667969,36.63175794124221,36.3447347090708,36.39607266093036,67622400
2017-10-12,36.4030647277832,36.722757169627585,36.34005842645517,36.484739694715245,64500400
2017-10-13,36.63407516479492,36.70174594299575,36.498730047710374,36.573401128460155,65576800
2017-10-16,37.30847930908203,37.33648053006061,36.78809954800165,36.84643779882987,96486000
2017-10-17,37.44615936279297,37.539499146415814,37.15680033646694,37.28514520946173,75989200
2017-10-18,37.28046417236328,37.50215231248162,37.24313040832312,37.434477966334995,65496800
2017-10-19,36.398399353027344,36.655089073140346,36.17438247064158,36.578082157106444,170336800
2017-10-20,36.46141052246094,36.81144006347656,36.393739711232485,36.54541775473207,95896400
2017-10-23,36.442726135253906,36.79742358082719,36.286380101647744,36.610740527331615,87937200
2017-10-24,36.65974807739258,36.734419166187365,36.449728296248004,36.470729206157486,71028800
2017-10-25,36.498741149902344,36.764763409729866,36.23271889007482,36.6154176421194,84828400
2017-10-26,36.732093811035156,36.83010163635278,36.58508029271675,36.69008842265107,68002000
2017-10-27,38.048194885253906,38.17653970530351,37.033108243850606,37.17078561413881,177816800
2017-10-30,38.90460205078125,39.21962994088949,38.20454323781472,38.24421280993417,178803200
2017-10-31,39.44598388671875,39.5883293386976,38.95594479352543,39.179961647361324,144187200
2017-11-01,38.944271087646484,39.655998249850384,38.64557961640734,39.63966183531107,134551200
2017-11-02,39.228973388671875,39.31998091721016,38.56858396438262,38.87661163677941,165573600
2017-11-03,40.25338363647461,40.66408354419493,39.93135542796412,40.603413059400474,237594400
2017-11-06,40.66175079345703,40.83443325514327,40.07136812561474,40.2230461160659,140105200
2017-11-07,40.792442321777344,40.89511822397504,40.51008715141832,40.58242602050725,97446000
2017-11-08,41.126129150390625,41.126129150390625,40.68042411840414,40.7574310266021,97638000
2017-11-09,41.042118072509766,41.09345600647338,40.40272970630695,40.86243530363712,117930400
2017-11-10,40.90629577636719,41.07257358563679,40.8126204525574,41.009340776648685,100582000
2017-11-13,40.74235534667969,40.86647673799948,40.60886428045805,40.63228489422871,67928400
2017-11-14,40.12643051147461,40.62760092491378,40.088958958034446,40.52455593969533,99130000
2017-11-15,39.5971565246582,39.887555691162326,39.43322295223002,39.8055871182063,116632400
2017-11-16,40.07022476196289,40.25054990364294,39.88287057756387,40.08895696426733,94550000
2017-11-17,39.84773635864258,40.138135499091156,39.72829981805053,40.056166933489614,87598000
2017-11-20,39.807926177978516,39.94375786790705,39.70956603840621,39.88052507336638,65049600
2017-11-21,40.5479736328125,40.67912048692099,39.99528076658117,39.99528076658117,100525200
2017-11-22,40.97420120239258,40.98356730258615,40.526893981625456,40.59949287194697,102355600
2017-11-24,40.9765510559082,41.10067245893679,40.901607943559625,41.00699714198535,56106800
2017-11-27,40.77046203613281,41.00231327528309,40.594818132575305,40.995287805019544,82867200
2017-11-28,40.53158187866211,40.953124315386184,40.24820819101348,40.81963683001923,105715200
2017-11-29,39.690826416015625,40.496446803167544,39.14750328244924,40.42853275152802,166665600
2017-11-30,40.245872497558594,40.31378656450264,39.447277398767646,39.91331691229435,166108800
2017-12-01,40.05852127075195,40.20371909095955,39.461331269776544,39.80090877668901,159037200
2017-12-04,39.765777587890625,40.426196759021686,39.72596540146465,40.393410042348286,130169600
2017-12-05,39.728309631347656,40.168591500963004,39.437910419167515,39.592477914690065,109400800
2017-12-06,39.580772399902344,39.85946133735878,38.98358590362124,39.22714391139447,114240000
2017-12-07,39.65336990356445,39.9156636594759,39.557350377388154,39.58545225881169,102693200
2017-12-08,39.66507339477539,40.046807262488294,39.53627073312778,39.92737070272112,93420800
2017-12-11,40.43791580200195,40.489438306973696,39.52925006721105,39.62526960588429,141095200
2017-12-12,40.21074295043945,40.372335910833776,40.1545391892479,40.316128576157915,77636800
2017-12-13,40.34423065185547,40.64165172587985,40.28099785232571,40.39809377631504,95273600
2017-12-14,40.332515716552734,40.545631131394195,40.19902466325085,40.37466852907948,81906000
2017-12-15,40.74235534667969,40.78919300073705,40.38872694904004,40.66273097743377,160677200
2017-12-18,41.31612014770508,41.498789480065184,40.95078148298486,40.95546631992535,117684400
2017-12-19,40.875831604003906,41.07489604588641,40.77044601797086,40.99058686236338,109745600
2017-12-20,40.831356048583984,41.08193950406594,40.57374354903755,40.95313325429273,93902400
2017-12-21,40.98591232299805,41.22244836664475,40.77280046605222,40.789192036517036,83799600
2017-12-22,40.98591232299805,41.081931834310396,40.86647577195255,40.90862858756254,65397600
2017-12-26,39.94609832763672,40.15686952503077,39.73766418838067,39.99996144279593,132742000
2017-12-27,39.953128814697266,39.99528163007775,39.7446982227426,39.836032896217475,85992800
2017-12-28,40.0655403137207,40.24586903063577,39.92502378068592,40.046804537750475,65920800
2017-12-29,39.632286071777344,39.95078713310234,39.629945439714064,39.93439556169126,103999600
2018-01-02,40.34189224243164,40.35126191884801,39.63931659755379,39.850091435107856,102223600
2018-01-03,40.334861755371094,40.87818856844172,40.27163252810483,40.40512002581769,118071600
2018-01-04,40.52222442626953,40.62526943467592,40.299742834565635,40.40746910809244,89738400
2018-01-05,40.98357009887695,41.07021993214265,40.52689674675764,40.618231417181505,94640000
2018-01-08,40.831356048583984,41.126436533395285,40.73299231349569,40.831356048583984,82271200
2018-01-09,40.82667922973633,40.99763833656981,40.6112230848332,40.878201739765906,86336000
2018-01-10,40.81728744506836,40.819631650108875,40.51518159395476,40.55265313977013,95839600
2018-01-11,41.04914855957031,41.09833042205364,40.86413856419507,40.88755560589044,74670800
2018-01-12,41.47303009033203,41.53626288466178,41.1357932852183,41.25991466856103,101672400
2018-01-16,41.26226043701172,42.01167360260789,41.25055013043537,41.662726478142304,118263600
2018-01-17,41.94376754760742,41.97889490055717,40.99997454785581,41.252898636063065,137547200
2018-01-18,41.98123550415039,42.177959400987746,41.74470298965363,42.00699675412406,124773600
2018-01-19,41.79389190673828,42.05618571545062,41.5479896743279,41.82901926558899,129700400
2018-01-22,41.45195770263672,41.63462706087131,41.35828239145941,41.52221597276173,108434400
2018-01-23,41.46132278442383,42.023385358113266,41.409803865982504,41.5222149513268,130756400
2018-01-24,40.8009033203125,41.52221462816889,40.56202663901651,41.510504321279925,204420400
2018-01-25,40.07257843017578,40.97187451966688,39.93674669163519,40.86882950605092,166116000
2018-01-26,40.16624069213867,40.28099597876492,39.82666324306097,40.28099597876492,156572000
2018-01-29,39.334877014160156,39.850098530780215,39.12644634533947,39.850098530780215,202561600
2018-01-30,39.10301208496094,39.196687392224455,38.5713956038565,38.76577526123802,184192800
2018-01-31,39.21074295043945,39.44727902539494,38.99294622732507,39.07959607542636,129915600
2018-02-01,39.29271697998047,39.489437319765265,39.053840239679026,39.14985977700904,188923200
2018-02-02,37.58779525756836,39.063204758076324,37.49411993865664,38.87585054676852,346375200
2018-02-05,36.64868927001953,38.37936715250379,36.533933960228474,37.259930231139656,290954000
2018-02-06,38.1802978515625,38.34189080334102,36.06554568586119,36.25992535441477,272975200
2018-02-07,37.362972259521484,38.26695309063286,37.25290535970743,38.194354177070885,206434400
2018-02-08,36.33487319946289,37.70489729452759,36.30677131393867,37.538619467044434,217562000
2018-02-09,36.7792854309082,37.127301440275964,35.328431147610246,36.934483068564454,282690400
2018-02-12,38.26072311401367,38.53819451209446,37.037957340347475,37.27075387708362,243278000
2018-02-13,38.64400863647461,38.74041964665234,38.01146342597023,38.0820081550772,130196800
2018-02-14,39.35649871826172,39.39647322333067,38.300692420481404,38.33831316239398,162579600
2018-02-15,40.678016662597656,40.70152917267764,39.73978032072299,39.925544578981956,204588800
2018-02-16,40.54633712768555,41.10834109330576,40.39114305798733,40.52987872716522,160704400
2018-02-20,40.40995407104492,40.976654782310895,40.308839143672124,40.45698268440411,135722000
2018-02-21,40.22654342651367,40.943737915034774,40.21243161204451,40.64040028293785,149886400
2018-02-22,40.56280517578125,40.90376716834371,40.377040864154694,40.39820320572218,123967600
2018-02-23,41.26823806762695,41.30350863075407,40.80734904379779,40.8379192572101,135249600
2018-02-26,42.084197998046875,42.18295916461196,41.435194508596325,41.46811489745136,152648800
2018-02-27,41.947811126708984,42.43926676848997,41.89372840137815,42.114766828451785,155712400
2018-02-28,41.88432693481445,42.472193655045075,41.86786853243593,42.15239401571747,151128400
2018-03-01,41.15066909790039,42.274669943930185,40.600426726524184,41.983086768337195,195208000
2018-03-02,41.43519592285156,41.4563582618264,40.55104215533317,40.63334492430652,153816000
2018-03-05,41.578636169433594,41.79497067660836,41.03779810746997,41.2000498848644,113605600
2018-03-06,41.543365478515625,41.914897680952514,41.41638784408837,41.83494866712595,95154000
2018-03-07,41.157718658447266,41.35054063744195,40.979008492690134,41.136556320670735,126814000
2018-03-08,41.606849670410156,41.649174346004564,41.16712657415336,41.26353397569167,95096400
2018-03-09,42.32170104980469,42.32640498834735,41.71267197249416,41.84670731055642,128740800
2018-03-12,42.73085403442383,42.88840187598345,42.37578384715246,42.39459242365057,128828400
2018-03-13,42.319339752197266,43.14940707815515,42.14768371506976,42.935422781376026,126774000
2018-03-14,41.9595832824707,42.44868891385226,41.811439693661825,42.40166028523092,117473600
2018-03-15,42.00895690917969,42.38284289256637,41.87257497940292,41.973686339074305,90975200
2018-03-16,41.86081314086914,42.119472337041785,41.766752315671596,42.008953109968175,157618800
2018-03-19,41.22121810913086,41.731486028476525,40.83557765640605,41.696215457943815,133787200
2018-03-20,41.207096099853516,41.57392426292965,41.136551394326695,41.207096099853516,78597600
2018-03-21,40.273563385009766,41.1718216248623,40.27120962241088,41.1600635760261,148219600
2018-03-22,39.70452117919922,40.60512987021308,39.645734505015064,39.974938445224794,165963200
2018-03-23,38.78508758544922,39.95611685432764,38.78508758544922,39.59634278022612,164115200
2018-03-26,40.62630081176758,40.70389966183023,39.13782160722977,39.52111191837289,150164800
2018-03-27,39.5845947265625,41.185943183911476,39.250686842203656,40.840277246909274,163690400
2018-03-28,39.147212982177734,39.979634125998444,38.84387538478574,39.32827690592115,166674000
2018-03-29,39.452911376953125,40.386444023671224,39.24598114149307,39.45996549061165,153594000
2018-04-02,39.19425582885742,39.725689743076046,38.67458355698248,39.184851538258634,150347200
2018-04-03,39.596351623535156,39.681004576821195,38.77098802003664,39.41999160319373,121112000
2018-04-04,40.35352325439453,40.44758049433387,38.74512077027734,38.770987049468715,138422000
2018-04-05,40.63334655761719,40.969604583911725,40.464040662906214,40.581614001563636,107732800
2018-04-06,39.593997955322266,40.55809716197049,39.55166968838654,40.203026977373334,140021200
2018-04-09,39.98670196533203,40.7015464424133,39.939673337164926,39.94672745198727,116070800
2018-04-10,40.739158630371094,40.915518624441965,40.33470609025764,40.680371965680806,113634400
2018-04-11,40.54868698120117,40.89670300207712,40.37467717673672,40.499304608294715,89726400
2018-04-12,40.94843292236328,41.15065916234032,40.689770200978906,40.77677689165514,91557200
2018-04-13,41.08717727661133,41.3481902278494,40.880250643703896,41.09893532790292,100497200
2018-04-16,41.34349060058594,41.430493723168546,41.1106940979349,41.15772271587,86313600
2018-04-17,41.91253662109375,42.07713854447609,41.48221785764595,41.50103001861147,106421600
2018-04-18,41.81848907470703,42.04893542855754,41.59275024765644,41.811434960615074,83018000
2018-04-19,40.63334655761719,41.24237559072981,40.60042616631525,40.85908535852946,139235200
2018-04-20,38.96851348876953,40.261820407726134,38.900318932823346,40.11603059413015,261964400
2018-04-23,38.85563659667969,39.2506812754814,38.58521577645036,39.229518936557035,146062000
2018-04-24,38.31480407714844,39.111951250892595,37.910351463939506,38.956753566929045,134768000
2018-04-25,38.48175811767578,38.89796880402129,38.19017849013432,38.23955729051611,113528400
2018-04-26,38.61579132080078,38.97086154573134,38.41591519078752,38.59227521560373,111852000
2018-04-27,38.16901397705078,38.64165755124664,37.77161548089102,38.56405870986155,142623200
2018-04-30,38.86033248901367,39.330625769670974,38.05613140965605,38.124325944661024,169709600
2018-05-01,39.7633056640625,39.786818179609284,38.86269343458145,39.130760510579584,214277600
2018-05-02,41.51984786987305,41.79731920902319,40.868490610877785,41.20474861558211,266157600
2018-05-03,41.59510040283203,41.73854003605556,41.01899169459304,41.357603523058685,136272800
2018-05-04,43.22701644897461,43.32577762819836,41.89608532257385,41.91489748833844,224805200
2018-05-07,43.53976058959961,44.12997747093147,43.4433495886489,43.544460939850644,169805600
2018-05-08,43.74904251098633,43.7890170178285,43.18939223908844,43.49978759299765,113611200
2018-05-09,44.05709457397461,44.06649886509191,43.553880679915835,43.86662628337149,92844800
2018-05-10,44.687278747558594,44.76487759165738,44.1252782597407,44.14644419035238,111957200
2018-05-11,44.517311096191406,44.8643098921221,44.24821035668282,44.72976132331238,104848800
2018-05-14,44.4134521484375,44.739207039830816,44.3449982374365,44.61645824567123,83115200
2018-05-15,44.009803771972656,44.15851859124368,43.69349302796125,44.090061076831134,94780800
2018-05-16,44.420528411865234,44.48662667958038,43.905933713378666,43.92245918077974,76732400
2018-05-17,44.13964080810547,44.59286305014965,43.99092596550543,44.37805352236964,69176000
2018-05-18,43.97911071777344,44.33319083661362,43.936622832419445,44.186838873430894,73190800
2018-05-21,44.29069900512695,44.6778264231584,44.12074027507521,44.37803760738811,73603200
2018-05-22,44.17975616455078,44.585768309488444,44.09005471800505,44.46774160693422,60962800
2018-05-23,44.463035583496094,44.49608292806732,43.84929506787003,43.988569364604146,80233600
2018-05-24,44.4134521484375,44.57632959413416,43.95551151224936,44.55980772674339,92936000
2018-05-25,44.514949798583984,44.76752505903052,44.295418267574824,44.43232966932365,69844000
2018-05-29,44.35443878173828,44.55508564127601,44.11130403301255,44.2836256330916,90056400
2018-05-30,44.260013580322266,44.37804028320312,44.090054840022695,44.311945617740975,74762000
2018-05-31,44.11130142211914,44.43233421724424,43.93898343412893,44.193921559836156,109931200
2018-06-01,44.90680694580078,44.91152542115865,44.31903259368366,44.37568671498433,93770000
2018-06-04,45.28213119506836,45.657455294973495,45.16882655397974,45.23728046579235,105064800
2018-06-05,45.6314811706543,45.780195961976794,45.40723116598109,45.5748306611135,86264000
2018-06-06,45.789649963378906,45.8132567505479,45.30338040357382,45.70703341206747,83734400
2018-06-07,45.666908264160156,45.841585535827775,45.40252591473598,45.82742290319422,85388800
2018-06-08,45.25143814086914,45.32225488450402,44.79585678682235,45.12633012126618,106627200
2018-06-11,45.14048767089844,45.31516847195939,44.89971581227377,45.168816526298656,73234000
2018-06-12,45.38835525512695,45.46625332272547,45.12161371473412,45.17826783713931,67644400
2018-06-13,45.0153923034668,45.52999069869376,44.95401970299873,45.421404526599694,86553600
2018-06-14,45.039005279541016,45.22076746999145,44.90209382716578,45.21604539180188,86440400
2018-06-15,44.576332092285156,44.8879243714088,44.439420660720806,44.85723627067669,246876800
2018-06-18,44.55271911621094,44.66602373740214,44.189194870467745,44.34971305222017,73939600
2018-06-19,43.832759857177734,43.98383390094082,43.30399890306228,43.70292975662603,134314000
2018-06-20,44.02396774291992,44.18920443498189,43.84220558070689,43.98856116672441,82514800
2018-06-21,43.778472900390625,44.46066720310662,43.65572410212739,44.201006976374714,102847600
2018-06-22,43.650997161865234,43.941341854400115,43.59906512230429,43.934260540086285,108801600
2018-06-25,43.00184631347656,43.65099314638365,42.6619288501248,43.29219097930246,126652400
2018-06-26,43.535335540771484,44.0310492206768,43.08919466961261,43.19542160237072,98276800
2018-06-27,43.47159194946289,44.20807735303371,43.440903857017844,43.724167196707484,101141200
2018-06-28,43.787906646728516,43.95550614918332,43.38661657843012,43.45743332033904,69460800
2018-06-29,43.695858001708984,44.1868496518272,43.176541087778794,43.97439936756705,90950800
2018-07-02,44.18448257446289,44.21281143744813,43.29692290853678,43.39134644867132,70925200
2018-07-03,43.41495132446289,44.36624646682203,43.325249858311246,44.328477049296076,55819200
2018-07-05,43.76429748535156,44.002713716749085,43.49991883861816,43.73125015450989,66416800
2018-07-06,44.37095642089844,44.47953896425488,43.71708751596208,43.76901955039826,69940800
2018-07-09,44.98705291748047,45.010656093993006,44.68490488376607,44.73211483867982,79026400
2018-07-10,44.93278503417969,45.15231305962938,44.892652769633514,45.017764438006466,63756400
2018-07-11,44.34971237182617,44.798212375165356,44.2859769475575,44.496064322031586,75326000
2018-07-12,45.093292236328125,45.18299370385362,44.68727999643058,44.739212045851666,72164400
2018-07-13,45.16410827636719,45.2844942425338,45.06260341706248,45.10509491222652,50055600
2018-07-16,45.06496047973633,45.475691136292276,44.94929300416823,45.20895321385602,60172400
2018-07-17,45.19242858886719,45.29157059753824,44.66130836977185,44.79113847703972,62138000
2018-07-18,44.9445686340332,45.27504557512844,44.83362324118064,45.270323498314276,65573600
2018-07-19,45.2939338684082,45.452089236262694,44.77697627392988,44.77697627392988,81147200
2018-07-20,45.19007110595703,45.42376170622383,44.89028222878679,45.270328411060994,82704800
2018-07-23,45.230194091796875,45.312814226157805,44.746283880302556,45.01066254723482,63957600
2018-07-24,45.558319091796875,45.714115244336426,45.334069018717855,45.42848896468058,74791600
2018-07-25,45.98793029785156,45.99501161249821,45.42375915047924,45.572473961837765,66839600
2018-07-26,45.84394836425781,46.257041958120105,45.702314834177486,45.938368316384505,76304000
2018-07-27,45.08148193359375,46.07526843405152,44.87375736963597,46.02805846960155,96096000
2018-07-30,44.82890319824219,45.36946391315494,44.63061920165413,45.298647170976594,84118000
2018-07-31,44.91860580444336,45.35530609259082,44.69435576534987,44.92096864396287,157492000
2018-08-01,47.56476974487305,47.62614234463773,46.57570522201476,47.005324226036834,271742800
2018-08-02,48.95512390136719,49.18881810901228,47.29330923044903,47.34760051436628,249616000
2018-08-03,49.09675598144531,49.27379606036052,48.5042595454664,48.870143095602415,133789600
2018-08-06,49.3516960144043,49.39418390606156,48.87958911924481,49.09911709658689,101701600
2018-08-07,48.889034271240234,49.4532019199507,48.80641411605946,49.41071402429666,102349600
2018-08-08,48.92206573486328,49.054255058737276,48.27764098003306,48.638802383434864,90102000
2018-08-09,49.30684280395508,49.519289455339305,48.91027115897772,49.460276096411505,93970400
2018-08-10,49.159976959228516,49.53188234321348,48.95625889225755,49.11970757110333,98444800
2018-08-13,49.477386474609375,49.97009991775016,49.20023584056539,49.58161480492085,103563600
2018-08-14,49.685855865478516,49.87772915247579,49.3329014045864,49.78297807220025,82992000
2018-08-15,49.801918029785156,49.92035866127431,49.34947395001151,49.560298129481346,115230400
2018-08-16,50.531524658203125,50.64759419111368,50.0932927726419,50.15961925273996,114001600
2018-08-17,51.54063034057617,51.628275259237334,50.49361549631433,50.55994196684519,141708000
2018-08-20,51.03844451904297,51.919639595681524,50.95553462143338,51.66381098233199,121150800
2018-08-21,50.938941955566406,51.448238807239406,50.699693196426516,51.3558552651437,104639200
2018-08-22,50.941314697265625,51.25162856351985,50.65468678783901,50.71627822753723,76072400
2018-08-23,51.045555114746094,51.41508938235087,50.83473089209865,50.8465720660557,75532800
2018-08-24,51.20425796508789,51.379547797668636,50.955531900064415,51.30848630582317,73905600
2018-08-27,51.62590789794922,51.81541364909847,51.244528884025435,51.43876965842527,82100400
2018-08-28,52.042823791503906,52.24180322712333,51.85805665635416,51.87937510705867,91107200
2018-08-29,52.81979751586914,52.940609306467366,51.97413305429266,52.14942292375327,109019200
2018-08-30,53.305397033691406,54.07052259742774,52.68239807693291,52.883748621636954,195175200
2018-08-31,53.92128372192383,54.215014178392295,53.53516610179944,53.65597424619973,173360400
2018-09-04,54.09420394897461,54.28844470000517,53.684400386764814,54.106048734719174,109560400
2018-09-05,53.74125289916992,54.40452118215833,53.321975651143546,54.24344365253671,133332000
2018-09-06,52.848209381103516,53.854954713801874,52.4218223996447,53.58964525060467,137160000
2018-09-07,52.42183303833008,53.38593806128113,52.28207393714789,52.552118477788824,150479200
2018-09-10,51.71829605102539,52.55211926147395,51.27769667661744,52.33892391703804,158066000
2018-09-11,53.025882720947266,53.13247858760648,51.299015945884626,51.642493122685174,142996000
2018-09-12,52.367347717285156,53.29828943782888,52.07598113256949,53.284077138968904,197114800
2018-09-13,53.632293701171875,54.09184398179361,52.7226704156543,52.94770691810222,166825600
2018-09-14,53.02350997924805,53.734153888023066,52.710828538938394,53.47595413532005,127997200
2018-09-17,51.6116943359375,52.812680543493926,51.46719661085651,52.62317479698291,148780400
2018-09-18,51.69697570800781,52.55211733723163,51.43166619672579,51.59037623243215,126286800
2018-09-19,51.727783203125,52.02388491329451,51.00055928250056,51.758578937629935,108495200
2018-09-20,52.120994567871094,52.6539775175976,51.912537857553254,52.17074123356856,106435200
2018-09-21,51.5595817565918,52.43604179491919,51.47193322259395,52.29865021482136,384986800
2018-09-24,52.301021575927734,52.412356078089026,51.31559809726625,51.36060612339808,110773600
2018-09-25,52.632659912109375,52.781896297075804,52.042824137047674,52.05466892569171,98217600
2018-09-26,52.21337127685547,53.00218637259011,52.057028764651164,52.350762852927,95938800
2018-09-27,53.28644561767578,53.63940004203078,52.95244213031854,53.018772217071486,120724800
2018-09-28,53.47359085083008,53.49727681428195,53.06615468842779,53.24855070364349,91717600
2018-10-01,53.833641052246094,54.34530550981975,53.618081823828625,53.99708972184782,94403200
2018-10-02,54.31214141845703,54.482696234962994,53.684407451123704,53.831272693023216,99152800
2018-10-03,54.97304916381836,55.30468156297177,54.43058892185491,54.49454788973524,114619200
2018-10-04,54.00656509399414,55.03936763401543,53.708092363669415,54.66746228417319,128168000
2018-10-05,53.130104064941406,54.10605745821215,52.25127648462719,53.99946159836693,134322000
2018-10-08,53.00693130493164,53.25091876301774,52.16126330037392,52.637397042763254,118655600
2018-10-09,53.74125289916992,53.83600757646618,52.64686258167794,52.97612740442457,107564000
2018-10-10,51.251644134521484,53.618089896183506,51.178211501360096,53.40726565940441,167962400
2018-10-11,50.7991943359375,51.99544563029046,50.294639622092426,50.81577776199736,212497600
2018-10-12,52.61370086669922,52.79610046305243,51.365335518018185,52.21337092805712,161351600
2018-10-15,51.48851776123047,52.54737742537575,51.46719931244083,52.38866739351679,123164000
2018-10-16,52.6231689453125,52.82215194500907,51.34637913532147,51.86041102095203,116736000
2018-10-17,52.39577865600586,52.73925583993557,51.95754677733972,52.658717060301136,91541600
2018-10-18,51.17109680175781,52.05229548152065,50.45571430054784,51.60695750381726,130325200
2018-10-19,51.95044708251953,52.412364981377124,51.505108998224785,51.6543454019028,132314800
2018-10-22,52.26786804199219,52.90981808609586,51.8628029606449,52.06414993793017,115168400
2018-10-23,52.76057434082031,52.88375363683341,50.858417668263044,51.1260947111794,155071200
2018-10-24,50.95079803466797,53.115892975705584,50.82051259654587,52.72977891393509,163702000
2018-10-25,52.06650924682617,52.44078212582718,51.344020575796435,51.571428208874636,119423200
2018-10-26,51.2374267578125,52.15889488542669,50.37754646798605,51.142672067536914,189033600
2018-10-29,50.27567672729492,52.04044127919379,48.8188549022013,51.92200065672379,183742000
2018-10-30,50.52677917480469,50.97211353591535,49.57214787858827,50.01748223969893,146640000
2018-10-31,51.84383773803711,52.22047811049344,51.313222362929515,51.37481380979864,153435600
2018-11-01,52.63975524902344,52.672918481701075,51.358226731764,51.88884206912743,233292800
2018-11-02,49.148128509521484,50.609685619388856,48.662521147330224,49.63847450952793,365314800
2018-11-05,47.752899169921875,48.41616751574769,46.94276557852468,48.394849066781845,264654800
2018-11-06,48.26930236816406,48.49433887492205,47.77658884210814,47.83107052774979,127531600
2018-11-07,49.733219146728516,49.7592762295597,48.354572111579515,48.79043275664564,133697600
2018-11-08,49.55970764160156,49.947168944767455,49.146094704463344,49.9138899930759,101450400
2018-11-09,48.60411834716797,48.97018679479443,48.076406695494214,48.86084322856062,137463200
2018-11-12,46.15572738647461,47.50590970224583,46.06539725338494,47.3038566025874,204542000
2018-11-13,45.69456481933594,46.87121758651156,45.50915304400561,45.551942329845666,187531600
2018-11-14,44.403831481933594,46.2294262088426,44.197023165599184,46.091555206997754,243204000
2018-11-15,45.4996452331543,45.632761004325936,44.42758086656958,44.781766750469835,185915200
2018-11-16,46.00359344482422,46.34589328098323,45.03612451761562,45.28333905087855,147713200
2018-11-19,44.18037033081055,45.330875172656896,43.97356571261881,45.164480443816814,167701200
2018-11-20,42.06953048706055,43.136839943167296,41.72009968887252,42.39994422370587,271300800
2018-11-21,42.0219841003418,42.85158561836727,41.96731232258113,42.723221376680144,124496800
2018-11-23,40.95466613769531,41.97918957413164,40.90950471255319,41.58459384357093,94496000
2018-11-26,41.50853729248047,41.58698130630447,40.47213107904219,41.41821078967106,179994000
2018-11-27,41.418209075927734,41.54419392188072,40.61951070937927,40.769264159453,165549600
2018-11-28,43.0108528137207,43.094048373052914,41.58222651798475,42.0101013122745,184250000
2018-11-29,42.68044662475586,43.45299716317312,42.24068563664933,43.419718208142044,167080000
2018-11-30,42.44987106323242,42.86585982792588,42.08142314621995,42.85634948210918,158126000
2018-12-03,43.933162689208984,43.9616864680013,43.07503728158199,43.84758772569843,163210000
2018-12-04,42.00060272216797,43.355536810303946,41.900765855372065,43.01323690864135,165377200
2018-12-06,41.53230667114258,41.546568558651884,40.51016241642234,40.82868999457398,172393600
2018-12-07,40.051395416259766,41.47764246156186,40.00623034615046,41.23993462067818,169126400
2018-12-10,40.31525421142578,40.431728740606445,38.824824924550015,39.22179661258494,248104000
2018-12-11,40.08467483520508,40.835828864514035,39.69720988937446,40.804929311290685,189126800
2018-12-12,40.19639205932617,40.86672619637411,40.17737499929975,40.505409310138816,142510800
2018-12-13,40.63614273071289,41.02123178621812,40.30335330213577,40.526799187237295,127594400
2018-12-14,39.335880279541016,40.19162969185467,39.28833945155307,40.17261263523296,162814800
2018-12-17,38.969818115234375,40.018110405344245,38.68219007536979,39.3287555948616,177151600
2018-12-18,39.476139068603516,39.82319045162126,39.07678804833182,39.31212009387407,135366000
2018-12-19,38.24480438232422,39.804166830759186,37.816929655099294,39.459491276959305,196189200
2018-12-20,37.27971649169922,38.53481344553812,36.91602383048075,38.12833149216453,259092000
2018-12-21,35.829708099365234,37.59587955174711,35.56823160499998,37.28685857919323,382978400
2018-12-24,34.90264129638672,36.0246225500154,34.84559011112074,35.216413747515475,148676800
2018-12-26,37.36054229736328,37.374804188002045,34.87649599373954,35.25207483147406,234330000
2018-12-27,37.118072509765625,37.265453816149545,35.672812239071256,37.044383670140306,212468400
2018-12-28,37.137088775634766,37.68144167172036,36.73774141053779,37.43897869883537,169165600
2018-12-31,37.496036529541016,37.88112207522634,37.196522325444576,37.68382412991746,140014000
2019-01-02,37.538822174072266,37.75989235442373,36.661679652061515,36.81856769913238,148158800
2019-01-03,33.7996711730957,34.63877937995314,33.75450611274441,34.225166520409374,365248800
2019-01-04,35.242557525634766,35.31149481961843,34.18238275669409,34.35590843708306,234428400
2019-01-07,35.16411590576172,35.37805511903299,34.68156932360782,35.347151941896,219111200
2019-01-08,35.83445739746094,36.08880653095804,35.30436992220377,35.55158448343476,164101200
2019-01-09,36.44298553466797,36.73298936707537,35.56822249255178,35.96281471962946,180396400
2019-01-10,36.55946350097656,36.599873395186364,35.860601928696866,36.250442609046516,143122800
2019-01-11,36.200531005859375,36.53569998306632,36.01511915190114,36.34078140996367,108092800
2019-01-14,35.65616989135742,35.95805981203487,35.470758098093015,35.85822297159505,129756800
2019-01-15,36.38594055175781,36.46200517390876,35.66806186445189,35.72035787905168,114843600
2019-01-16,36.830448150634766,37.05389406927528,36.36929442529299,36.38831148508509,122278800
2019-01-17,37.04915237426758,37.4770273073971,36.431110401176646,36.65455640109621,119284800
2019-01-18,37.27734375,37.52931347019117,37.07766641559792,37.43898333384579,135004000
2019-01-22,36.44061279296875,37.25594894751966,36.278969574791795,37.17988432442107,121576000
2019-01-23,36.58798599243164,36.87798981327915,36.06027435955394,36.64265777360124,92522400
2019-01-24,36.29798126220703,36.72110086684965,36.069783799569784,36.633150139284595,101766000
2019-01-25,37.500789642333984,37.588744014533056,36.683077673523904,36.95881602681458,134142000
2019-01-28,37.15373611450195,37.16086705953069,36.52618756203671,37.032502794745874,104768400
2019-01-29,36.768638610839844,37.58873337454473,36.633147058879665,37.14184157601951,166348800
2019-01-30,39.28121566772461,39.495151246226506,38.087921443945866,38.805800046935204,244439200
2019-01-31,39.5640869140625,40.17261830328575,39.1171950882309,39.48564290460484,162958400
2019-02-01,39.583106994628906,40.16786619757071,39.4428566249422,39.68769901522233,130672400
2019-02-04,40.70746612548828,40.80492720687015,39.76376574470043,39.79466892346387,125982000
2019-02-05,41.40394592285156,41.61788513494221,40.9689438085808,41.09017348977209,144406400
2019-02-06,41.418209075927734,41.73436089051288,41.08779537344349,41.515666518949295,112958400
2019-02-07,40.63378143310547,41.346905000195044,40.49115526883394,40.98083287122734,126966800
2019-02-08,40.68152618408203,40.74120801805574,40.206457474282914,40.34253380423419,95280000
2019-02-11,40.44757080078125,40.87250881024949,40.404601628781016,40.83431156223369,83973600
2019-02-12,40.796112060546875,40.82237221177081,40.51202596349423,40.60751907825849,89134000
2019-02-13,40.62661361694336,41.17568718212781,40.564545825038614,40.91547527726699,89960800
2019-02-14,40.77461624145508,40.88442873981595,40.43562397349377,40.514404405459885,87342800
2019-02-15,40.68390655517578,40.98947721171357,40.5239596992294,40.88205065386177,98507200
2019-02-19,40.8056526184082,40.927405863712345,40.46188839172686,40.51440868525233,75891200
2019-02-20,41.068260192871094,41.37622047276301,40.819985385123545,40.86773012014925,104457600
2019-02-21,40.83669662475586,41.149428845280646,40.655265164712084,41.01335616092031,68998800
2019-02-22,41.29266357421875,41.29982510218546,40.913088021224546,40.96083275523248,75652800
2019-02-25,41.59344482421875,41.98495734099437,41.52660149033183,41.576735812091265,87493600
2019-02-26,41.61733627319336,41.84890207691848,41.34041169350497,41.46932649284163,68280800
2019-02-27,41.746238708496094,41.7772744208693,41.23536246985703,41.34995418814767,111341600
2019-02-28,41.335628509521484,41.755790868224764,41.28072225316888,41.614942642381884,112861600
2019-03-01,41.770118713378906,41.81308788170758,41.273565459672234,41.60539628273946,103544800
2019-03-04,41.98020553588867,42.4337860392888,41.53139695670395,41.94200828602396,109744800
2019-03-05,41.90379333496094,42.01599543236018,41.66745204928598,42.00167238038388,78949600
2019-03-06,41.662689208984375,41.89425498024918,41.524226938549475,41.698496846730684,83241600
2019-03-07,41.180458068847656,41.64358960039428,41.06586998808738,41.5075132948063,99185600
2019-03-08,41.27833938598633,41.31653662922078,40.464278397663925,40.660036537223284,95997600
2019-03-11,42.708316802978516,42.760837105669346,41.86083771700078,41.894259396650405,128044000
2019-03-12,43.18815612792969,43.608314858828265,42.82051405104015,42.970913413648546,129870400
2019-03-13,43.3791389465332,43.75871447631922,43.19054234110201,43.50805008474166,124130000
2019-03-14,43.86136245727539,43.94969402855419,43.58205197474232,43.90194565805139,94318000
2019-03-15,44.43192672729492,44.720788381391955,43.86375819430227,44.12874565980989,156171600
2019-03-18,44.88551712036133,44.97384507371518,44.353152510049036,44.355542114857684,104879200
2019-03-19,44.529808044433594,45.11707887203992,44.384184229156126,44.96429352836273,126585600
2019-03-20,44.91892623901367,45.2364339610808,44.10008976785335,44.45818069072299,124140800
2019-03-21,46.573307037353516,46.8693301940771,45.31282721306185,45.362961547719905,204136800
2019-03-22,45.60884475708008,47.19399365272044,45.54438737550608,46.63298312227623,169630800
2019-03-25,45.057395935058594,45.83087012477533,44.54651961316686,45.71866799234534,175381200
2019-03-26,44.59187316894531,46.04572527279197,44.064287847400074,45.75447765967055,199202000
2019-03-27,44.99292755126953,45.30088411777176,44.53457164340934,45.05977089349775,119393600
2019-03-28,45.0526237487793,45.25315383947743,44.76853763227856,45.10753001684638,83121600
2019-03-29,45.34624099731445,45.37727670587753,45.0096346962018,45.31759489260318,94256000
2019-04-01,45.65420913696289,45.759246086742245,44.971448928605234,45.74969859774028,111448000
2019-04-02,46.31787872314453,46.42291933375251,45.608858244230724,45.61840573488142,91062800
2019-04-03,46.6353874206543,46.90992240513501,46.11018435743706,46.13405854856153,93087200
2019-04-04,46.71653747558594,46.87887026175252,46.10778224208354,46.50168075880864,76457200
2019-04-05,47.02927780151367,47.05315198843795,46.77383784364394,46.89797705880911,74106400
2019-04-08,47.76933288574219,47.80036495686794,46.871715930873805,46.89081455147626,103526800
2019-04-09,47.626094818115234,48.42583270446762,47.56163742923543,47.821852946309676,143072800
2019-04-10,47.89347457885742,47.92212433476872,47.31097932542279,47.430342987431864,86781200
2019-04-11,47.49480056762695,47.98419231228525,47.373050943277576,47.948384670620705,83603200
2019-04-12,47.47569274902344,47.77887741292295,46.84068095613037,47.5544731881165,111042800
2019-04-15,47.56163787841797,47.70965127808389,47.27039028762013,47.40646659401936,70146400
2019-04-16,47.5664176940918,48.07251843814989,47.40169526328692,47.61655203321536,102785600
2019-04-17,48.492679595947266,48.55236142338571,47.413631135907046,47.63564578548703,115627200
2019-04-18,48.66694641113281,48.73617572376677,48.34705271069138,48.490286901803195,96783200
2019-04-22,48.8268928527832,48.92477191697205,48.30407949927967,48.42105718399483,77758000
2019-04-23,49.5311393737793,49.59559676497927,48.676495199382785,48.803020377452285,93292000
2019-04-24,49.45474624633789,49.76986437478454,49.42848609874323,49.50249097577655,70162400
2019-04-25,49.00593566894531,49.59797830244953,48.967738429960725,49.3759636808939,74172800
2019-04-26,48.77198791503906,48.93909629580391,48.25156050901197,48.91522210882772,74596400
2019-04-29,48.84599685668945,49.17066615604025,48.66695136754799,48.79586251694633,88818800
2019-04-30,47.90541076660156,48.55713532887878,47.532996731014585,48.47596891449491,186139600
2019-05-01,50.256866455078125,51.400368488216685,49.948906233473046,50.10408114629927,259309200
2019-05-02,49.929805755615234,50.76535117872983,49.68630656932932,50.09452815043092,127985200
2019-05-03,50.55050277709961,50.57198735857998,50.18763628266637,50.34519716556769,83569600
2019-05-06,49.769866943359375,49.85580891786009,48.581005998340764,48.76959896429785,129772400
2019-05-07,48.42822265625,49.51681861609969,47.943606504322965,49.149180158416655,155054800
2019-05-08,48.437767028808594,49.02026221541199,48.163232094761824,48.19903973218028,105358000
2019-05-09,47.9173583984375,48.146534635646844,46.94812585096454,47.84096389090731,139634400
2019-05-10,47.25353240966797,47.65374559844612,46.19669328966047,47.31104893148047,164834800
2019-05-13,44.507179260253906,45.40824941119822,43.819394496538976,44.98407744370745,229722400
2019-05-14,45.211734771728516,45.46096566171211,44.432883212543324,44.67252984613877,146118800
2019-05-15,45.753334045410156,45.95224118661462,44.579067024058446,44.63897868140736,106178800
2019-05-16,45.55204391479492,46.12479936568324,45.25488069859609,45.51130441572803,132125600
2019-05-17,45.29322052001953,45.748547729226715,44.75641066410453,44.79715015909945,131516400
2019-05-20,43.87690734863281,44.17886448911291,43.20350079997155,43.979957316854446,154449200
2019-05-21,44.71805191040039,45.053555649357946,44.26272122842485,44.387338470059014,113459200
2019-05-22,43.8026123046875,44.50477885718109,43.74749460169806,44.253149155342534,118994400
2019-05-23,43.05491638183594,43.265802939260645,42.611568633482584,43.08846676529334,146118800
2019-05-24,42.88956069946289,43.64924013152873,42.805682910338874,43.18432505134615,94858800
2019-05-28,42.712215423583984,43.277781584642646,42.63553040781726,42.877572173999866,111792800
2019-05-29,42.508522033691406,42.980626205477755,42.17780850142833,42.278459651091545,113924800
2019-05-30,42.72900390625,42.95187356410809,42.338378646503465,42.64512610530578,84873600
2019-05-31,41.95494079589844,42.654708575512196,41.93576862508081,42.2329281309598,108174400
2019-06-03,41.53075408935547,42.637920146638415,40.80462522623916,42.081941968554716,161584400
2019-06-04,43.050132751464844,43.09566620923278,41.82314282588775,42.04361734959498,123872000
2019-06-05,43.74509811401367,44.332235335001265,43.40959426492165,44.162084603643216,119093600
2019-06-06,44.38733673095703,44.44724837176043,43.65162002666748,43.87449323194862,90105200
2019-06-07,45.56881332397461,45.99298895828107,44.519163384744395,44.69649958213684,122737600
2019-06-10,46.151153564453125,46.8197661273768,45.921091165173166,45.96662461499967,104883600
2019-06-11,46.68556594848633,46.970746063230806,46.395595533306974,46.6975490130093,107731600
2019-06-12,46.5369873046875,46.96355808357964,46.345269237869935,46.47947078762684,73012800
2019-06-13,46.52738952636719,47.16005645303748,46.39558681154533,46.659195897906244,86698400
2019-06-14,46.18949508666992,46.393192538300454,45.604756695226875,45.90431499766962,75046000
2019-06-17,46.465084075927734,46.72150772045912,46.052891587494855,46.22783260024407,58676400
2019-06-18,47.55787658691406,47.998825541831906,46.78142378732344,46.98272609412711,106204000
2019-06-19,47.41887283325195,47.90056485236439,47.284671318756736,47.8526326057158,84496800
2019-06-20,47.799922943115234,48.075515130955985,47.45722632835696,48.01799861790571,86056000
2019-06-21,47.63695526123047,48.133025524334315,47.4859767191176,47.64174921755458,191202400
2019-06-24,47.58903884887695,47.967681047618235,47.49078283102826,47.57945093377464,72881600
2019-06-25,46.86769485473633,47.751987879310825,46.80059043176467,47.55308073051549,84281200
2019-06-26,47.88140106201172,48.1665811585655,47.29426750501623,47.3949186584968,104270000
2019-06-27,47.86702346801758,48.30557727889453,47.82628397608489,47.99882620091607,83598800
2019-06-28,47.43086624145508,47.809508400930234,47.22237481857817,47.61299638561164,124442400
2019-07-01,48.30077362060547,49.00533521929681,48.08508948363142,48.68899994775499,109012000
2019-07-02,48.583560943603516,48.67942179095116,48.25524622614172,48.26722928914985,67740800
2019-07-03,48.98616409301758,48.99335319873109,48.57397163409649,48.71536225541835,45448000
2019-07-05,48.943031311035156,49.14673241375876,48.62430084723059,48.732144758506294,69062000
2019-07-08,47.934120178222656,48.26483004258469,47.54828895586912,48.123439407842795,101354400
2019-07-09,48.22650146484375,48.29120343864577,47.64415810359733,47.73762016691857,82312000
2019-07-10,48.70338439941406,48.823207716402926,48.30317495947734,48.37267453109264,71588400
2019-07-11,48.34871292114258,48.98137994767097,48.339128663843894,48.722561119993294,80767200
2019-07-12,48.720157623291016,48.8879095226626,48.45654488376627,48.51645653759306,70380800
2019-07-15,49.177886962890625,49.336050960909304,48.8879129292078,48.90948024847616,67789600
2019-07-16,49.007747650146484,49.39357896373422,48.76810096237071,49.02931497443392,67467200
2019-07-17,48.732154846191406,49.14913773769552,48.712982672589646,48.899906794309054,56430000
2019-07-18,49.28573226928711,49.33845482627152,48.8160232134399,48.887917941756626,74162400
2019-07-19,48.55001449584961,49.487033785576166,48.4948967896062,49.31688305319296,83717200
2019-07-22,49.65956497192383,49.66196012132378,48.79444066537823,48.80402491969468,89111600
2019-07-23,50.04780578613281,50.064582806950405,49.67635274522786,49.95674254519547,73420800
2019-07-24,50.0070686340332,50.12209800817282,49.64759864021876,49.76742197149024,59966400
2019-07-25,49.611637115478516,50.143652827411785,49.542137557976254,50.05977505986539,55638400
2019-07-26,49.784202575683594,50.26109712816312,49.64041310512323,49.721892098638975,70475600
2019-07-29,50.24910354614258,50.47916591954553,49.95194406569725,49.95673802217077,86693600
2019-07-30,50.033424377441406,50.36413790530998,49.681143529942474,50.028630420839946,135742800
2019-07-31,51.054325103759766,53.05058230898032,50.6373422371492,51.864332020665906,277125600
2019-08-01,49.94954299926758,52.2501520023427,49.544543285154184,51.260410296588674,216071600
2019-08-02,48.89271545410156,49.470261159344595,48.31996004950161,49.25458061542855,163448400
2019-08-05,46.333274841308594,47.605797759220664,46.15114473357044,47.447633775242544,209572000
2019-08-06,47.210391998291016,47.466815679597666,46.501036276061356,47.0450352178922,143299200
2019-08-07,47.69926071166992,47.823877975536284,46.448308743686994,46.82934598449226,133457600
2019-08-08,48.751312255859375,48.775278381580826,47.78314147822122,47.97725466372589,108038000
2019-08-09,48.349586486816406,48.7753700310641,47.940636364989096,48.42415862155094,98478800
2019-08-12,48.22691345214844,48.60459007304801,47.90697188907775,48.02003408319341,89927600
2019-08-13,50.26923751831055,51.03180338880131,48.226905603803466,48.35680854512529,188874000
2019-08-14,48.7729606628418,49.6606171063461,48.73447063907869,48.87158997225576,146189600
2019-08-15,48.530006408691406,49.34789934560565,48.03205128836314,48.94376504847943,108909600
2019-08-16,49.675052642822266,49.83382124650139,49.03516972783252,49.141015463618594,110481600
2019-08-19,50.6011962890625,51.173719791019884,50.52421624172767,50.666144074564244,97654400
2019-08-20,50.603607177734375,51.32287444811057,50.59398650586073,50.728697935758746,107537200
2019-08-21,51.152076721191406,51.395038142607625,50.901898878290325,51.2362731993296,86141600
2019-08-22,51.108787536621094,51.5850897947609,50.69743308371959,51.28439327587762,89014800
2019-08-23,48.746498107910156,51.01014164863292,48.35198454994893,50.37987945350891,187272000
2019-08-26,49.67265319824219,49.84104248936947,49.32865452365744,49.52110100092201,104174400
2019-08-27,49.11215591430664,50.16820181272342,48.960603712717386,50.00221676728974,103493200
2019-08-28,49.44171142578125,49.48741787220754,48.910082172512254,49.09771645844376,63755200
2019-08-29,50.27885055541992,50.35342635813325,49.713543433301666,50.15616772556869,83962000
2019-08-30,50.21390914916992,50.625259888422256,49.843449021122325,50.55549991840913,84573600
2019-09-03,49.482608795166016,49.79052167700322,49.12658521378133,49.658214500289326,80092000
2019-09-04,50.3221549987793,50.391914963036996,49.87231426530339,50.12970852858372,76752400
2019-09-05,51.30603790283203,51.47202295353746,50.88025064284134,50.99812498900019,95654800
2019-09-06,51.301231384277344,51.58027864025284,51.12081346938813,51.4912736435033,77449200
2019-09-09,51.52013397216797,52.06619983215983,50.77440887062121,51.681306852217865,109237600
2019-09-10,52.12873458862305,52.14797960143516,50.92835673818088,51.445553151541986,127111600
2019-09-11,53.78617477416992,53.81504412951995,52.37650966317453,52.45830188762013,177158400
2019-09-12,53.66590881347656,54.466964788857105,53.61058168117922,54.07726327079538,128906800
2019-09-13,52.62188720703125,53.112622277230024,52.20572428111945,52.92258370535714,159053200
2019-09-16,52.89851760864258,52.95384839785664,52.335614739521375,52.37650901593333,84632400
2019-09-17,53.09096145629883,53.11983080987123,52.71088072465714,52.91295151722097,73274800
2019-09-18,53.588924407958984,53.60816942297296,52.78786855223211,53.17757001208415,101360000
2019-09-19,53.153507232666016,53.82706428771113,53.01157573050019,53.40608929300261,88242400
2019-09-20,52.37651443481445,53.538406069355176,52.313970888644974,53.25455035526527,221652400
2019-09-23,52.61466979980469,52.88409268266555,52.35727184016252,52.66999692668973,76662000
2019-09-24,52.36447525024414,53.52155814993142,52.24660460358803,53.17034311866597,124763200
2019-09-25,53.17034912109375,53.28341128066549,52.2345819095354,52.573768388250606,87613600
2019-09-26,52.89611053466797,53.14869627136216,52.641120547940574,52.92257196747614,75334000
2019-09-27,52.63871765136719,53.153509808735585,52.26825758252748,53.052472574971425,101408000
2019-09-30,53.877593994140625,54.02433402647341,53.11262022326453,53.13908166091836,103909600
2019-10-01,54.02672576904297,54.899949338845005,53.93290863373775,54.142195836042134,139223200
2019-10-02,52.67238998413086,53.783762732923655,52.424612767106524,53.65867199949,138449200
2019-10-03,53.11983871459961,53.15351657327003,51.751067761117135,52.54490352557878,114426000
2019-10-04,54.60887908935547,54.72434916797866,53.85834193135936,54.27931695765273,138478800
2019-10-07,54.620906829833984,55.31130468759633,54.3274268081445,54.430868293138765,122306000
2019-10-08,53.98102569580078,54.86146578985083,53.96418860317499,54.32262009604962,111820000
2019-10-09,54.61368942260742,54.79651153502603,54.27931513122723,54.61368942260742,74770400
2019-10-10,55.349796295166016,55.433992769762874,54.67864343102517,54.830191946444145,113013600
2019-10-11,56.82200241088867,57.165997351667045,55.883827383054744,56.0377838024609,166795600
2019-10-14,56.740211486816406,57.283872972882584,56.451543652686134,56.50687076716353,96427600
2019-10-15,56.6079216003418,57.16841664159402,56.50207584591443,56.86531589350693,87360000
2019-10-16,56.37937927246094,56.58866649343661,56.09792784143595,56.138822117334186,73903200
2019-10-17,56.598297119140625,56.807580706314425,56.17491777307306,56.5525906643299,67585200
2019-10-18,56.870121002197266,57.15157244845404,56.36013730971351,56.432305194279344,97433600
2019-10-21,57.85639572143555,57.97186579008106,57.08902153741359,57.137132230710584,87247200
2019-10-22,57.724090576171875,58.26293619861339,57.64229836224228,58.01275839828133,82293600
2019-10-23,58.498687744140625,58.51312425689027,58.027197771424554,58.238889244421685,75828800
2019-10-24,58.59491729736328,58.8883973453656,58.169130068603984,58.81863370887046,69275200
2019-10-25,59.316585540771484,59.35266764688448,58.42652477407812,58.49388048589636,73477200
2019-10-28,59.91075897216797,59.95886966807034,59.3502603719089,59.518649642872596,96572800
2019-10-29,58.525146484375,60.079147263907565,58.351948716071576,59.891512983519,142839600
2019-10-30,58.51793670654297,59.00867539604496,58.02479743733707,58.878772466807476,124522000
2019-10-31,59.840999603271484,59.93962892278996,57.07459217991583,59.47535535189402,139162000
2019-11-01,61.539337158203125,61.565794923188214,59.93722552071114,60.02863474954351,151125200
2019-11-04,61.9434700012207,62.027666477233765,61.43348998590327,61.90257205302393,103272000
2019-11-05,61.8544807434082,62.109470815865826,61.6596299774967,61.83523205422804,79897600
2019-11-06,61.88092803955078,61.94106733591677,61.431087277328864,61.76786586873383,75864400
2019-11-07,62.595115661621094,62.81709595898497,62.276625072767246,62.428632279414,94940400
2019-11-08,62.76641845703125,62.8387993222777,61.97260727293929,62.41656042739546,69986400
2019-11-11,63.263450622558594,63.32859339845434,62.317632299219134,62.32245523560567,81821200
2019-11-12,63.2055549621582,63.40582100469488,62.954629666270094,63.106629516115106,87388800
2019-11-13,63.811161041259766,63.885957063653684,62.99081258182594,63.005288756272336,102734400
2019-11-14,63.36962890625,63.91009243803884,63.23933596081398,63.63744552175714,89182800
2019-11-15,64.12240600585938,64.12722894235556,63.45888775617379,63.62054080630693,100206400
2019-11-18,64.44571685791016,64.5253358048109,63.7532462907842,64.1320492800849,86703200
2019-11-19,64.25027465820312,64.66286024957508,64.03312473449476,64.63873084399398,76167200
2019-11-20,63.502323150634766,64.1996167578222,62.82915159180207,64.06933118896113,106234400
2019-11-21,63.21760940551758,63.70016814029315,63.017343407159025,63.622956975546195,121395200
2019-11-22,63.16211700439453,63.49990667017315,62.9353137938155,63.357552716854386,65325200
2019-11-25,64.26959228515625,64.28648361025664,63.340665127052524,63.386508801889065,84020400
2019-11-26,63.76774978637695,64.46022065021526,63.335857496401665,64.40713887511626,105207600
2019-11-27,64.624267578125,64.65805022533677,64.01383104765496,64.0789738287976,65235600
2019-11-29,64.48191833496094,64.66287788127046,64.15618967895124,64.3250882008119,46617600
2019-12-02,63.73637390136719,64.7232058677252,63.56506757103598,64.48674938004301,94487200
2019-12-03,62.599945068359375,62.61924418107647,61.8375012589291,62.32488301011455,114430400
2019-12-04,63.15245819091797,63.53126855846393,62.896702654892984,62.99080514094122,67181600
2019-12-05,64.07896423339844,64.15376760341428,63.39132400118668,63.647079513946814,74424400
2019-12-06,65.31674194335938,65.38671502853519,64.49397833560806,64.53741422211255,106075600
2019-12-09,64.40229797363281,65.33845582103804,63.917324043827655,65.14543525447796,128042400
2019-12-10,64.7786865234375,65.16231982994417,64.14652840241263,64.80763886909658,90420400
2019-12-11,65.33123016357422,65.41085650079509,64.7835284952276,64.85832453124478,78756800
2019-12-12,65.49769592285156,65.76310470333209,64.49880315683109,64.60978960566402,137310400
2019-12-13,66.38802337646484,66.4242138126888,65.36982404554227,65.49770182904206,133587600
2019-12-16,67.5244369506836,67.74883234755957,66.82955859141919,66.83438152775894,128186000
2019-12-17,67.65716552734375,67.98530201621274,67.2687018179985,67.45449169070163,114158400
2019-12-18,67.4955062866211,68.01667074592089,67.34591421616044,67.50998246355186,116028400
2019-12-19,67.56304931640625,67.84293428071314,67.30488597596364,67.43758668961861,98369200
2019-12-20,67.4231185913086,68.19762343192532,67.21079153341988,68.09629020364594,275978000
2019-12-23,68.52334594726562,68.58366579405019,67.64750059383174,67.68610617936537,98572000
2019-12-24,68.58847045898438,68.73806982429723,68.2627492637302,68.68981101442074,48478800
2019-12-26,69.9493179321289,69.96620925880787,68.6922542085201,68.72120656096197,93121200
2019-12-27,69.9227523803711,70.9288905053271,69.51740484131803,70.24124288816766,146266000
2019-12-30,70.3377685546875,70.62006869460002,68.81771126880989,69.84073357609194,144114400
2019-12-31,70.85169982910156,70.85893791713207,69.85521465174138,69.95414009700069,100805600
2020-01-02,72.46827697753906,72.52859683396065,71.223274257406,71.47661470907116,135480400
2020-01-03,71.76370239257812,72.52373073569198,71.53931440462966,71.69614448126268,146322800
2020-01-06,72.33555603027344,72.3741616151194,70.63453932655295,70.88547194642054,118387200
2020-01-07,71.995361328125,72.60096759515153,71.7757961977681,72.34521202863968,108872000
2020-01-08,73.15350341796875,73.4551026743299,71.69858889981313,71.69858889981313,132079200
2020-01-09,74.70733642578125,74.90035698659045,73.87974991049977,74.13067516689924,170108400
2020-01-10,74.87620544433594,75.4408055125106,74.37434771660986,74.94135557088083,140644800
2020-01-13,76.47591400146484,76.50245856347271,75.07408132346671,75.19231323252647,121532000
2020-01-14,75.4432373046875,76.62309704687446,75.3201898237738,76.41318515734736,161954400
2020-01-15,75.11990356445312,76.12362643206144,74.68801151442514,75.24295837546784,121923600
2020-01-16,76.06089782714844,76.1718916266167,75.30086936839069,75.66278838334783,108829200
2020-01-17,76.90296936035156,76.90537714681764,76.00299474011516,76.30941686178534,137816400
2020-01-21,76.38182830810547,76.97295847341564,76.24429727052916,76.53142037146344,110843200
2020-01-22,76.65444946289062,77.20697385138125,76.56034698568028,76.86676909750412,101832400
2020-01-23,77.02362823486328,77.10324719984139,76.15984382890906,76.70755279875391,104472000
2020-01-24,76.80162811279297,78.01284778014684,76.61101536754971,77.26971063356069,146537600
2020-01-27,74.54325866699219,75.223660842835,73.56124993820636,74.81107521306389,161940000
2020-01-28,76.65205383300781,76.8233601467646,75.32501712161712,75.42394256005781,162234000
2020-01-29,78.25656127929688,79.1034543464979,77.54237630271076,78.28310584272509,216229200
2020-01-30,78.14315795898438,78.19623972141919,76.9078086113338,77.33970079826872,126743200
2020-01-31,74.67837524414062,77.85602021422844,74.38401413760657,77.43378134455115,199588400
2020-02-03,74.47328186035156,75.6386578310323,72.91944232393651,73.42130011057627,173788400
2020-02-04,76.93192291259766,77.1225356625265,75.67244439973094,76.07779194419663,136616400
2020-02-05,77.55926513671875,78.35789935199301,76.95606664401838,78.0587078925949,118826800
2020-02-06,78.46647644042969,78.46889159082244,77.27214775489887,77.8295026141326,105425600
2020-02-07,77.39988708496094,78.21492705790754,76.9089278720762,77.9658198194633,117684000
2020-02-10,77.76750946044922,77.76750946044922,75.90525344548281,75.9850613598187,109348800
2020-02-11,77.29832458496094,78.33587187126635,77.08065923180118,78.26331921379253,94323200
2020-02-12,79.13398742675781,79.13882181030785,77.7481726332658,77.7481726332658,113730400
2020-02-13,78.57046508789062,78.89696679324649,78.20285267206994,78.40600748455542,94747600
2020-02-14,78.58980560302734,78.83891285274403,78.08191495757227,78.53901137196604,80113600
2020-02-18,77.15078735351562,77.33217635199567,76.08905353965851,76.27044253813855,152531200
2020-02-19,78.26813507080078,78.49789739964547,77.39263210107522,77.39263210107522,93984000
2020-02-20,77.4652099609375,78.51726787221662,76.95974005365503,78.02872938009521,100566000
2020-02-21,75.71174621582031,77.50145646107003,75.09502672640008,77.0588632814514,129554000
2020-02-24,72.11543273925781,73.56654484289926,69.950861613102,71.8929330165793,222195200
2020-02-25,69.67274475097656,73.16751029900408,69.20113761805875,72.78538725578525,230673600
2020-02-26,70.77799987792969,72.04288873722294,69.29061126924033,69.29786653540023,198054800
2020-02-27,66.15135955810547,69.16967532004576,66.01592302206369,67.98460193931137,320605600
2020-02-28,66.11266326904297,67.3340203730767,62.00359989656375,62.21885173263986,426510000
2020-03-02,72.26780700683594,72.90387904877242,67.16714840245746,68.26999310714803,341397200
2020-03-03,69.97262573242188,73.52301148955354,69.12130192834442,73.4432035732901,319475600
2020-03-04,73.2182846069336,73.37790783984885,70.89409003325196,71.69461969933852,219178400
2020-03-05,70.84326934814453,72.44674141627438,70.47807057837562,71.47207845059465,187572800
2020-03-06,69.90249633789062,70.33541356546097,68.01605333738418,68.20227675514613,226176800
2020-03-09,64.37377166748047,67.25664434069014,63.60709732294457,63.78848638375145,286744800
2020-03-10,69.0100326538086,69.27607126773326,65.147656821936,67.02685114609001,285290000
2020-03-11,66.61329650878906,68.01362169576068,65.74988307252373,67.08733175658426,255598800
2020-03-12,60.03492736816406,65.30004700639003,59.979302435498994,61.89960811199781,418474000
2020-03-13,67.22758483886719,67.69919907964612,61.17644819639121,64.06416467440111,370732000
2020-03-16,58.578975677490234,62.65901412516802,58.044481123383505,58.51609179443726,322423600
2020-03-17,61.15470504760742,62.30349851090025,57.65752303606562,59.86079519838787,324056000
2020-03-18,59.65763473510742,60.4630023695136,57.34794730651824,57.98885734585637,300233600
2020-03-19,59.20052719116211,61.1498535536418,58.67570883898437,59.8317610046788,271857200
2020-03-20,55.44215774536133,60.905593927619734,55.142259915533515,59.780979833542105,401693200
2020-03-23,54.26432800292969,55.26317786918558,51.42015002405914,55.16160047962253,336752800
2020-03-24,59.708431243896484,59.90433080067905,56.6659322179662,57.16414681678831,287531200
2020-03-25,59.3795051574707,62.45828014038061,59.08444541685393,60.644390107262105,303602000
2020-03-26,62.50424575805664,62.562287889488324,59.58267248738155,59.621369701915675,252087200
2020-03-27,59.91641616821289,61.882670430565696,59.74953769675213,61.12809336695391,204216800
2020-03-30,61.62631607055664,61.798032638117675,60.317895683529414,60.64198021312565,167976400
2020-03-31,61.50053787231445,63.48372335417798,60.94669846636235,61.81736706345771,197002000
2020-04-01,58.26456832885742,60.15343192722889,57.83407204839957,59.61652017243426,176218400
2020-04-02,59.23682403564453,59.29003178474886,57.294752264445385,58.126723951855304,165934000
2020-04-03,58.38549041748047,59.423033841940786,57.79537096509543,58.72166453956951,129880000
2020-04-06,63.4788932800293,63.63367471849766,60.313051558292024,60.68066393279939,201820400
2020-04-07,62.74365997314453,65.71118861311454,62.639665388856514,65.49351591759843,202887200
2020-04-08,64.34956359863281,64.66396824725281,63.17900080091498,63.544192303076315,168895200
2020-04-09,64.81393432617188,65.31699076846863,64.0182463244957,64.9856546111931,161834800
2020-04-13,66.08605194091797,66.19488828158737,64.29150704508059,64.89130259807796,131022800
2020-04-14,69.42362213134766,69.71384751910844,67.24695386535642,67.71856827528313,194994800
2020-04-15,68.78996276855469,69.24948009360917,67.87092811844572,68.2990035025,131154400
2020-04-16,69.33656311035156,69.70176205876241,68.28692612469368,69.5034416112321,157125200
2020-04-17,68.39574432373047,69.3994360529156,66.95914281806782,68.85284815768563,215250000
2020-04-20,66.97605895996094,68.12485572619737,66.95671405142177,67.2227526734342,130015200
2020-04-21,64.90583038330078,67.05347766583337,64.19478479973962,66.81888089328784,180991600
2020-04-22,66.77533721923828,67.21066785744529,65.832115915965,66.17312073347611,116862400
2020-04-23,66.51655578613281,68.14180153410112,66.47785858014103,66.71971058203668,124814400
2020-04-24,68.43685150146484,68.44652764676574,66.99299496104605,67.04136830681426,126161200
2020-04-27,68.4852294921875,68.81656552903699,67.7064658092128,68.1538860746012,117087600
2020-04-28,67.3751449584961,69.12857242814091,67.28324737370122,68.94718337955696,112004800
2020-04-29,69.58809661865234,70.05729021048596,68.65938558409466,68.86254043095987,137280800
2020-04-30,71.05609130859375,71.232645867668,69.738002769976,70.12738081932683,183064000
2020-05-01,69.91215515136719,72.31374359365245,69.13339146359068,69.23013078154854,240616800
2020-05-04,70.90133666992188,71.02951794095532,69.24706979478302,69.93634950460861,133568000
2020-05-05,71.96546173095703,72.79743298409119,71.21571925065486,71.36083188889647,147751200
2020-05-06,72.70796203613281,73.33919216211522,72.28230018886588,72.6668439519477,142333600
2020-05-07,73.46013641357422,73.80599044082199,73.0320609589904,73.33437600959047,115215200
2020-05-08,75.20860290527344,75.26195467448645,73.79236468701193,74.11975020715006,133838400
2020-05-11,76.39204406738281,76.88675244657776,74.50776212066847,74.71632174778293,145946400
2020-05-12,75.5190200805664,77.52697546648025,75.39776671813026,77.07590910984447,162301200
2020-05-13,74.60718536376953,76.61999543008798,73.53045501521297,75.69846552238357,200622400
2020-05-14,75.06551361083984,75.12614027584165,73.12303289595279,73.84570540703209,158929200
2020-05-15,74.62173461914062,74.6678114842192,72.80293436830361,72.83688885866347,166348400
2020-05-18,76.37989807128906,76.75336041216173,75.25467098028571,75.94581646414036,135178400
2020-05-19,75.93854522705078,77.24322494712233,75.90701817457786,76.39687900327164,101729600
2020-05-20,77.41543579101562,77.48575742301782,76.75823714177773,76.79703911153015,111504800
2020-05-21,76.83826446533203,77.81799379794089,76.6006051884002,77.27720108647698,102688800
2020-05-22,77.33296203613281,77.41541342276373,76.47448628011443,76.57633494565745,81803200
2020-05-26,76.80915069580078,78.6303710026143,76.75337148985957,78.45091841064635,125522000
2020-05-27,77.14380645751953,77.28931196459057,75.92642542981746,76.66607534046294,112945200
2020-05-28,77.1777572631836,78.43636762804827,76.54239089339562,76.81884468298037,133560800
2020-05-29,77.10258483886719,77.88102931454405,76.74609967511876,77.42026804049199,153532400
2020-06-01,78.05078887939453,78.17204223872224,76.92555415248881,77.05650985276371,80791200
2020-06-02,78.41212463378906,78.43637678676062,77.34266907399055,77.78403309563147,87642800
2020-06-03,78.8437728881836,79.1056842545279,78.15990225471617,78.73222188437157,104491200
2020-06-04,78.16476440429688,78.965033585586,77.79130199936047,78.6667550692759,87560400
2020-06-05,80.3909683227539,80.45159499569716,78.38544064604918,78.41454026494723,137250400
2020-06-08,80.86629486083984,80.90024935653804,79.37730733642842,80.0878503032951,95654400
2020-06-09,83.41988372802734,83.81274342787988,80.51465797687612,80.54618503439575,147712400
2020-06-10,85.56605529785156,86.0340914097843,83.92913522287401,84.36807171758845,166651600
2020-06-11,81.45799255371094,85.13439472060976,81.35614389223483,84.71000802945393,201662400
2020-06-12,82.16126251220703,84.34382269299937,81.05058514318586,83.59690535411025,200146000
2020-06-15,83.1773681640625,83.82971175950732,80.6528726048748,80.81535534530535,138808800
2020-06-16,85.38174438476562,85.653358069437,83.59689886122223,85.23139143477016,165428800
2020-06-17,85.262939453125,86.18688949305373,85.14168608934729,86.12626281116486,114406400
2020-06-18,85.296875,85.71398677476938,84.68818088081773,85.2192710882484,96820400
2020-06-19,84.80943298339844,86.46817771918761,83.7011757246082,86.00256905688693,264476000
2020-06-22,87.02837371826172,87.17145177573371,85.15622179560962,85.2022986582704,135445200
2020-06-23,88.88597869873047,90.3046443458434,87.85289780891296,88.27243705588172,212155600
2020-06-24,87.31695556640625,89.43404157028371,86.94349320290961,88.51493917080266,192623200
2020-06-25,88.47615051269531,88.51495247583935,86.71312932901027,87.47217654394532,137522400
2020-06-26,85.75763702392578,88.59254065861916,85.609704103183,88.37185869535793,205256800
2020-06-29,87.73406982421875,87.82865098546023,85.18774958467372,85.66548805897895,130646000
2020-06-30,88.46644592285156,88.7526094686746,87.30241666099202,87.32181394171208,140223200
2020-07-01,88.29912567138672,89.08727257747864,88.25062876375057,88.54405984735594,110737200
2020-07-02,88.29912567138672,89.84147238829708,88.18515460811848,89.20610591273177,114041600
2020-07-06,90.66112518310547,91.12916130648333,89.69594591770318,89.72747297069945,118655600
2020-07-07,90.37984466552734,91.81790797120748,90.26829362851242,91.03946334648684,112424400
2020-07-08,92.48477935791016,92.51630641314865,91.26981841791165,91.35712467862727,117092000
2020-07-09,92.88248443603516,93.430544491857,91.83485381849374,93.3771927270549,125642800
2020-07-10,93.04496765136719,93.10317429108636,91.86638865727205,92.47750286894541,90257200
2020-07-13,92.61573028564453,96.95902596441493,92.40232321566707,94.34965162813619,191649200
2020-07-14,94.14836883544922,94.33994377964609,91.0636836420722,91.99732841763048,170989200
2020-07-15,94.7958755493164,96.27274058885732,93.59789175816579,96.02295896280789,153198000
2020-07-16,93.62940216064453,94.48545043557607,93.03041037162107,93.66820411710265,110577600
2020-07-17,93.44026947021484,94.2356912649812,92.96737837668047,94.08049080295564,92186800
2020-07-20,95.40941619873047,95.54764680403545,93.18320630571225,93.527569101271,90318000
2020-07-21,94.09259796142578,96.27515822341762,93.84281636080428,96.19998173978415,103433200
2020-07-22,94.35692596435547,95.0383691628231,93.70700981931506,93.79430867429807,89001600
2020-07-23,90.06214141845703,94.1677781639269,89.25216991066098,94.09017424204148,197004400
2020-07-24,89.83902740478516,90.1833901651154,86.47303332227233,88.26031386604993,185438800
2020-07-27,91.9682388305664,92.06039256097253,90.67810880703217,90.90121082733599,121214000
2020-07-28,90.45740509033203,91.71601515700848,90.452550221024,91.5389826437197,103625600
2020-07-29,92.19132995605469,92.37563738029081,90.90362022258871,90.9399947403417,90329200
2020-07-30,93.30685424804688,93.41113032380457,90.95696438809426,91.36437375434413,158130000
2020-07-31,103.0750503540039,103.22540332463862,97.80294963723614,99.80120988768464,374336800
2020-08-03,105.67228698730469,108.29135620019736,104.6586108297832,104.95688931304775,308151200
2020-08-04,106.37797546386719,107.46925546567044,105.13876254678041,105.86143507889906,173071600
2020-08-05,106.76358032226562,107.08369095937002,105.6334981524038,106.09911429734815,121776800
2020-08-06,110.48846435546875,110.98318005233068,106.506508834704,107.095798287908,202428800
2020-08-07,107.97643280029297,110.46660808616394,107.17957700537667,110.009872310896,198045600
2020-08-10,109.54585266113281,110.56378836086954,106.89533339122227,109.4219488794754,212403600
2020-08-11,106.28797149658203,109.30776282738468,106.02801970691873,108.80973072656776,187902400
2020-08-12,109.82038116455078,110.07790114888351,107.18443792191327,107.37879010908718,165598000
2020-08-13,111.76393127441406,112.76729092425326,110.7119798713676,111.20029955907641,210082000
2020-08-14,111.66432189941406,111.75420996900903,109.85438662016135,111.58900987277718,165565200
2020-08-17,111.3727798461914,112.81101111968458,110.74598779263943,112.78671524478968,119561600
2020-08-18,112.30084228515625,112.72599420294755,110.78973060078705,111.12499444220938,105633600
2020-08-19,112.44173431396484,113.8556697465018,112.34699003787868,112.70897411610314,145538000
2020-08-20,114.9367904663086,115.05097442556867,112.46604709851567,112.48305495531345,126907200
2020-08-21,120.85975646972656,121.34321254794537,115.88426180533297,115.89640603696287,338054800
2020-08-24,122.30525970458984,125.15013843519527,120.43945211980873,125.06509916365437,345937600
2020-08-25,121.30191802978516,121.64690172019864,119.57944621797552,121.17802164994161,211495600
2020-08-26,122.95149230957031,123.4082280829776,121.55213290407741,122.61866031262531,163022400
2020-08-27,121.48167419433594,123.8868174078926,120.33740304612243,123.55398543919013,155552400
2020-08-28,121.28490447998047,122.87375249170243,121.06139279549139,122.45588862300937,187630000
2020-08-31,125.39794158935547,127.30262866474355,122.44374970807395,123.97915723775616,225702700
2020-09-01,130.3928680419922,130.99537911333144,126.84589234906336,129.01294820319362,151948100
2020-09-02,127.69132232666016,134.0856082760273,123.41551513511692,133.70661634235924,200119000
2020-09-03,117.46826171875,125.20359657134411,117.09898956594436,123.32807630409383,257599600
2020-09-04,117.5459976196289,120.20866118452791,107.76021579822826,116.68111776737273,332607200
2020-09-08,109.6357421875,115.6315969151868,109.49969417268505,110.73384613966655,231366600
2020-09-09,114.00872802734375,115.77735955442189,112.00687240165654,113.95042385620658,176940500
2020-09-10,110.28681945800781,117.09896902670127,109.32476361414018,116.96292102510625,182274400
2020-09-11,108.8388900756836,111.97772918558881,106.89533846718923,111.33635359603639,180860300
2020-09-14,112.10406494140625,112.65797689067007,109.616321087037,111.48212897781393,140150100
2020-09-15,112.27896881103516,115.47611185461919,110.40344135428404,114.99022398928534,184642000
2020-09-16,108.96524047851562,112.7260162768132,108.87778419705087,111.97775201716324,154679000
2020-09-17,107.22572326660156,109.03322659577087,105.64173160246284,106.6232270995851,178011000
2020-09-18,103.82450866699219,107.7504832499777,103.09567691699868,107.28403508185545,287104900
2020-09-21,106.97306060791016,107.07995651781488,100.19006360823141,101.58942285494095,195713800
2020-09-22,108.65425109863281,109.67461866621314,106.07905112970725,109.49969872360111,183055400
2020-09-23,104.09661865234375,108.94577745912319,103.75649121629566,108.46960942834048,150718700
2020-09-24,105.16557312011719,107.13827671141094,102.03645401086756,102.20165410941537,167743300
2020-09-25,109.1109848022461,109.26647248780473,104.63109780542541,105.36964948370711,149981400
2020-09-28,111.71534729003906,112.06518717809003,109.59687570753539,111.76393904662547,137672400
2020-09-29,110.8698959350586,112.0554635809669,110.36457578821059,111.31691932127065,99382200
2020-09-30,112.54135131835938,113.95043065542163,110.41316739020328,110.57836749432273,142675200
2020-10-01,113.49368286132812,114.39743454271479,112.56077909571286,114.31969070873184,116120400
2020-10-02,109.83008575439453,112.11376456822066,109.0526696470594,109.70375758314337,144712000
2020-10-05,113.21187591552734,113.35764376217921,110.34514039230349,110.69498025864371,106243800
2020-10-06,109.96614837646484,112.84260373156758,109.08182887759448,112.43445227836398,161498200
2020-10-07,111.83196258544922,112.28869840481383,110.90877111263151,111.3849466001731,96849000
2020-10-08,111.72505950927734,113.11469913263745,111.35577997813651,112.96893128687452,83477200
2020-10-09,113.66861724853516,113.69776933647424,111.67647388000671,112.02631376339767,100506900
2020-10-12,120.8888931274414,121.64687695311153,115.91339909808642,116.67138292375654,240226800
2020-10-13,117.68204498291016,121.85096395135838,116.2729730734288,121.7343481891843,262330500
2020-10-14,117.7695083618164,119.5575722262898,116.2438206939987,117.58486859235376,150712000
2020-10-15,117.30304718017578,117.77921521072741,114.81530369020432,115.36921555833267,112559200
2020-10-16,115.6607437133789,118.11934252939484,115.45667170048786,117.85695893134891,115393800
2020-10-19,112.7065658569336,117.02124557068035,112.39559788284319,116.57422957130423,120639300
2020-10-20,114.19335174560547,115.62186305026543,112.36640888998728,112.9203206801555,124423700
2020-10-21,113.5714340209961,115.35949783357893,113.16328257328865,113.37707442350195,89946000
2020-10-22,112.4830322265625,114.7083993693713,111.35576890640716,114.13504787679302,101988000
2020-10-23,111.79307556152344,113.2604589200965,111.05452396584917,113.10497125192926,82572600
2020-10-26,111.80281829833984,113.26048212275595,109.6940589976644,110.79217049039062,111850700
2020-10-27,113.30904388427734,113.96985164953288,111.30718833691205,112.23037227607989,92276800
2020-10-28,108.06144714355469,112.17206132266384,107.9642710633188,111.8027892521436,143937800
2020-10-29,112.065185546875,113.62974518620118,109.03324236591982,109.19844988747217,146129200
2020-10-30,105.78750610351562,108.8291614562022,104.67968236923052,107.92540973464747,190272600
2020-11-02,105.70002746582031,107.55612239802188,104.29095582856081,106.03043502111758,122866900
2020-11-03,107.32290649414062,108.34326649090318,105.66117100164739,106.56492266395703,107624400
2020-11-04,111.70560455322266,112.32754035689703,109.17898942403805,110.91846867352281,138235500
2020-11-05,115.67047119140625,116.24382276328363,113.57143933861293,114.62095155797914,126387100
2020-11-06,115.5390625,116.03551785418253,113.0470194186013,115.17888245464515,114457900
2020-11-09,113.2319564819336,118.75142852116217,112.96912766300157,117.30098686270992,154515300
2020-11-10,112.89126586914062,114.46825386220857,111.10010975217423,112.48241768033425,138023400
2020-11-11,116.31782531738281,116.45410805937627,113.34879995040824,114.0788892511671,112295000
2020-11-12,116.04524230957031,117.33019898779234,115.42223346115063,116.44436129860394,103162300
2020-11-13,116.09390258789062,116.4930140974565,114.74080472734607,116.2691242675867,81581900
2020-11-16,117.10631561279297,117.77799265499445,115.01339166540757,115.76294667468657,91183000
2020-11-17,116.2204818725586,117.46649976087988,115.80189704193324,116.37623782202498,74271000
2020-11-18,114.8965835571289,116.63906421361688,114.86738117394037,115.46118772161485,76322100
2020-11-19,115.49037170410156,115.89921985730518,113.70895234490581,114.46824389424141,74113000
2020-11-20,114.22489166259766,115.61692877725572,114.17622350270929,115.49038264932382,73604300
2020-11-23,110.82754516601562,114.49746457209459,110.73020141936897,114.06914317462709,127959300
2020-11-24,112.11250305175781,112.77445093316165,109.6009942581799,110.88595846342133,113874200
2020-11-25,112.94967651367188,113.65056340347142,112.11250688717266,112.4824235383736,76499200
2020-11-27,113.49481964111328,114.37092834738962,113.13464698126013,113.47535385957511,46691300
2020-11-30,115.88949584960938,117.75852242774822,113.7089574149293,113.86471334319992,169410200
2020-12-01,119.46207427978516,120.19216354656007,116.82401928706074,117.79747164276061,127728200
2020-12-02,119.81250762939453,120.0948096799896,117.68064477339988,118.78064316901394,89004200
2020-12-03,119.67625427246094,120.49395081813365,118.96563067046635,120.24085108534545,78967600
2020-12-04,119.00455474853516,119.5983613009378,118.29393123559595,119.34526159986807,78260400
2020-12-07,120.46471405029297,121.2629445857138,119.00453569816821,119.06294045566084,86712000
2020-12-08,121.07799530029297,121.66207262611567,119.82224093273689,121.06826612455384,82225500
2020-12-09,118.54700469970703,122.60629848757797,117.78771319139744,121.2239981813297,115089200
2020-12-10,119.96826934814453,120.58154910132534,116.96030505591354,117.30101190387383,81312200
2020-12-11,119.16028594970703,119.50099273028479,117.3496642850928,119.17975172566112,86939800
2020-12-14,118.54700469970703,120.07532431759577,118.31337825719271,119.34523518624412,79184500
2020-12-15,124.4850845336914,124.50455773983639,120.83463820097641,121.0390623043862,157243700
2020-12-16,124.41696166992188,124.96209269342312,123.20014604471146,124.02758661133709,98208600
2020-12-17,125.28331756591797,126.13996040824293,124.64083543417424,125.47800506998152,94359800
2020-12-18,123.29747009277344,125.67269604688084,122.7718049671832,125.53641332100761,192541500
2020-12-21,124.82575988769531,124.90363783892778,120.17265999088353,121.70097950628217,121251600
2020-12-22,128.37892150878906,130.84175516574334,126.20811172127088,128.1160851725901,168904800
2020-12-23,127.48335266113281,128.91431424621467,127.30812347796113,128.65149275201784,88223700
2020-12-24,128.46649169921875,129.91694086606563,127.61959301416368,127.83375369258947,54930100
2020-12-28,133.0612335205078,133.69397174643686,129.96564663908748,130.4329145650764,124486200
2020-12-29,131.2895050048828,135.10543618196706,130.77357648181422,134.38509099699746,121047300
2020-12-30,130.17007446289062,132.37981588137615,129.8585625212068,131.98069677623383,96452100
2020-12-31,129.1673583984375,131.16293812586437,128.22310869600184,130.52045619053087,99116600
2021-01-04,125.9744644165039,130.0629610638514,123.39481436257799,129.97535392263828,143301900
2021-01-05,127.5319595336914,128.2425902906654,125.02045122966085,125.46824574975814,97664900
2021-01-06,123.23906707763672,127.57093452826126,123.02490637051051,124.32933639261917,155088000
2021-01-07,127.44438171386719,128.13553942794485,124.46561985658641,124.95234603859188,109578200
2021-01-08,128.54441833496094,129.10902262336003,126.77272747960087,128.91432022109925,105158200
2021-01-11,125.55587005615234,126.71428063801753,125.08861712398671,125.76030156918269,100384500
2021-01-12,125.38065338134766,126.24702529391881,123.4921536305582,125.08861473418492,91951100
2021-01-13,127.41517639160156,127.96030732627808,125.07889671335819,125.34171815091041,88636800
2021-01-14,125.48773193359375,127.52224355209353,125.34170518524395,127.32755607466288,90221800
2021-01-15,123.76473999023438,126.7629752239917,123.62845724568655,125.36120136366826,111598500
2021-01-19,124.43641662597656,125.29305945365387,123.570044622059,124.38774103736687,90757300
2021-01-20,128.52490234375,128.97269692470792,125.13729259464834,125.24437293876636,104319500
2021-01-21,133.2364044189453,135.9620736838479,130.04348223408022,130.24791374177147,120150900
2021-01-22,135.37802124023438,136.13731286135894,131.43553637442392,132.66208095000118,114459400
2021-01-25,139.12582397460938,141.23821403300437,132.91519251886263,139.2718507560153,157611700
2021-01-26,139.35943603515625,140.4691710725819,137.61694808504978,139.78775742744395,98390600
2021-01-27,138.28863525390625,140.46917381461645,136.6824448551771,139.6222601892596,140843800
2021-01-28,133.45057678222656,138.22050212672593,133.07093096645877,135.81607367562873,142621100
2021-01-29,128.45677185058594,133.10987264929705,126.753230328146,132.22402749273948,177523800
2021-02-01,130.5789031982422,131.78598951100426,127.45411448597895,130.19925735971532,106239800
2021-02-02,131.4063262939453,132.69127555683025,131.0364096809211,132.12667146199954,83305400
2021-02-03,130.38418579101562,132.16560504134387,130.06294479305137,132.15586101329262,89880900
2021-02-04,133.74261474609375,133.75234392204015,131.01694525702797,132.68155527349182,84183100
2021-02-05,133.32826232910156,133.97170445351236,132.45085206919504,133.90346870595903,75693800
2021-02-08,133.4745330810547,133.5232814106689,131.53446261926186,132.61661008272995,71297200
2021-02-09,132.59706115722656,134.4201468877061,132.44108738356064,133.1917548672735,76774200
2021-02-10,131.99267578125,133.55253314014962,131.02751236689184,133.05532098310047,73046600
2021-02-11,131.7391815185547,132.9675589258699,130.4133074654321,132.4898491628531,64280000
2021-02-12,131.97314453125,132.1291332081116,130.33530805190028,130.9787501870301,60145100
2021-02-16,129.8478546142578,132.5970843838598,129.4578829220419,132.0901434978276,80576300
2021-02-17,127.55680084228516,128.9021769728661,126.22118330017902,127.95651619642835,97918500
2021-02-18,126.45519256591797,126.73790904839909,124.21290350757396,125.95798047907508,96856700
2021-02-19,126.61116027832031,127.43009341839543,125.56801758188449,126.9718859638425,87668800
2021-02-22,122.8382568359375,126.4649113230703,122.44829262823369,124.79781414918779,103916400
2021-02-23,122.7017822265625,123.5304515985531,115.41922654111875,120.6544792375418,158273000
2021-02-24,122.20458221435547,122.40931177714582,119.16287735238498,121.80487424070276,111039900
2021-02-25,117.95399475097656,123.28673718148006,117.51528958023444,121.55140392768223,148199500
2021-02-26,118.21722412109375,121.71713665773981,118.15872464367439,119.51384476967971,164560400
2021-03-01,124.58334350585938,124.71982986571714,119.70880940251382,120.64471905780232,116307900
2021-03-02,121.98036193847656,125.49002551913253,121.87312157746639,125.18780674062197,102260900
2021-03-03,118.99712371826172,122.55553508836154,118.78264302842219,121.67811746535834,112966300
2021-03-04,117.1155776977539,120.49850624904042,115.64347345208853,118.6949297486631,178155000
2021-03-05,118.37320709228516,118.8801629015518,114.61981660015222,117.94425306669439,153766600
2021-03-08,113.44017028808594,117.96373782106434,113.29393276187487,117.89549463389245,154376600
2021-03-09,118.05147552490234,118.99713642859442,115.80919406877891,116.04316964725494,129525800
2021-03-10,116.9693603515625,119.10440190154631,116.45265332645572,118.63645064591333,111943300
2021-03-11,118.89966583251953,120.11829967481488,118.2172338560144,119.46511372045273,103026500
2021-03-12,117.99299621582031,118.1294826044811,116.1699248367297,117.3788074668468,88105100
2021-03-15,120.87870788574219,120.8884590376453,117.39829045128926,118.36345366505867,92403800
2021-03-16,122.4190444946289,124.02764217483661,121.59037521632449,122.5457796988101,115227900
2021-03-17,121.62940979003906,122.70180609403398,119.2701289957093,120.93722665347914,111932600
2021-03-18,117.50553894042969,120.08904396527872,117.30080936399335,119.79656889154106,121229700
2021-03-19,116.97908020019531,118.38294855656439,116.67686143267959,116.89134214689703,185549500
2021-03-22,120.29375457763672,120.76171313425421,117.24229884140365,117.31054202279068,111912300
2021-03-23,119.46509552001953,121.1224343178664,119.07513126230569,120.23527288356823,95467100
2021-03-24,117.07656860351562,119.81606211005297,117.05707373778829,119.73806777124454,88530500
2021-03-25,117.56402587890625,118.60718345893137,116.0139273940255,116.5403780411406,98844700
2021-03-26,118.16847229003906,118.43170133574063,115.93593444848634,117.33005170542276,94071200
2021-03-29,118.34395599365234,119.50409766319855,117.70052126390267,118.59743388740822,80819200
2021-03-30,116.89132690429688,117.37878030470016,115.87742293890422,117.09605643991243,85671900
2021-03-31,119.08487701416016,120.42049468098195,118.10997013305847,118.5974235736093,118323800
2021-04-01,119.9135513305664,121.06394179532072,119.41634671803331,120.55699346889742,75089100
2021-04-05,122.74077606201172,122.99425393009696,119.9817878428641,120.76171631176526,88651200
2021-04-06,123.04299926757812,123.93991183273825,122.49705378234141,123.32572316184695,80171300
2021-04-07,124.69058990478516,124.71008476944755,121.9998448664795,122.6725329855432,83466700
2021-04-08,127.08888244628906,127.11812846744388,125.29505706125592,125.71425994840894,88844600
2021-04-09,129.66262817382812,129.70161790758218,126.22120772891054,126.54292881700623,106686700
2021-04-12,127.94680786132812,129.51640882237047,127.35211395991703,129.19468770758402,91420000
2021-04-13,131.0567626953125,131.28100205330475,128.61949478941824,129.11670696279845,91266500
2021-04-14,128.7169647216797,131.61243958256816,128.35625390681537,131.55394754511985,87222800
2021-04-15,131.12501525878906,131.6124688471117,130.286594491838,130.4620855191037,89347100
2021-04-16,130.7935028076172,131.29069993150603,129.93558004398386,130.92998916765907,84922400
2021-04-19,131.45645141601562,132.07064756343885,129.99409097045535,130.15982336917756,94264200
2021-04-20,129.76986694335938,132.12914001786334,128.5024849113631,131.63194282012853,94812300
2021-04-21,130.1500701904297,130.39379691363274,128.00527800142257,129.0386769276597,68847100
2021-04-22,128.6292266845703,130.78376273570044,128.11252718583415,129.7016154150474,84566500
2021-04-23,130.9495086669922,131.72942232628785,128.84370608473515,128.84370608473515,78657500
2021-04-26,131.33944702148438,131.67091176764876,130.2085515483263,131.44668736593727,66905100
2021-04-27,131.0177459716797,132.01215523774303,130.7447732125093,131.62218352757128,66015800
2021-04-28,130.22808837890625,131.63195694182536,129.74063484322053,130.93976637575503,107760100
2021-04-29,130.1305694580078,133.630496551131,129.12641653636294,133.0455464580238,151101000
2021-04-30,128.16127014160156,130.20856574635297,127.78105703815494,128.47323262027362,109839500
2021-05-03,129.21417236328125,130.70579381831388,128.52199669631204,128.72671884393358,75135100
2021-05-04,124.64186096191406,128.19052935599137,123.52071640184118,127.89805427494618,137564700
2021-05-05,124.88558959960938,127.17661206810328,124.75884693241741,125.95797834787251,84000900
2021-05-06,126.48440551757812,126.49414922963348,123.93989089893446,124.68082210228843,78128300
2021-05-07,127.15825653076172,128.1836356126159,126.44535491426944,127.78325616498553,78973300
2021-05-10,123.87699890136719,126.50394796231055,123.83793549239249,126.3770049216638,88071200
2021-05-11,122.95903778076172,123.3105935686965,119.89262343355486,120.60551762571262,126142800
2021-05-12,119.89261627197266,121.71879146016067,119.3848068747701,120.50785562792139,112172300
2021-05-13,122.04105377197266,123.19339816893378,121.34769508108849,121.66019487769238,105861300
2021-05-14,124.46293640136719,124.892626453878,122.90043727939631,123.29106392253492,81918000
2021-05-17,123.31060028076172,123.95513540332345,122.2363825270762,123.8477128828965,74244600
2021-05-18,121.92387390136719,124.01371786549493,121.8555147978895,123.59379552967953,63342900
2021-05-19,121.76762390136719,121.99222918408067,119.98051210138631,120.27348393601976,92612000
2021-05-20,124.32620239257812,124.72659669981742,122.16799959049966,122.29495751746947,76857100
2021-05-21,122.49028015136719,125.00004641017311,122.27543512950636,124.82426479688547,79295400
2021-05-24,124.12114715576172,124.94146389287052,122.98833802904868,123.05669713625909,63092900
2021-05-25,123.92581939697266,125.31254421960261,123.35941119129158,124.82425537458776,72009500
2021-05-26,123.87699890136719,124.40434374665045,123.45707656811848,123.98442141340175,56575900
2021-05-27,122.34380340576172,124.6484925303121,122.14849379883397,123.4766199875777,94625600
2021-05-28,121.68950653076172,122.85161879427051,121.63091513952054,122.62700604353964,71311100
2021-06-01,121.36723327636719,122.4121552577231,121.03520547415292,122.1484865589402,67637100
2021-06-02,122.12895965576172,122.30474128408406,121.14263644461568,121.3672417498929,59278900
2021-06-03,120.64456939697266,121.92386428281043,120.2441750720593,121.75785039468764,76229200
2021-06-04,122.93949127197266,123.20316740239241,120.94730225008668,121.1621472598856,75169300
2021-06-07,122.94927215576172,123.35942679081123,121.90435013756394,123.21294086384106,71057600
2021-06-08,123.76957702636719,125.44927381859075,123.25199989330952,123.63285881954378,74403800
2021-06-09,124.15043640136719,124.75590806990476,123.55473244780471,124.22856322000109,56877900
2021-06-10,123.15435028076172,125.18560293992083,122.98833637271277,124.04301866252895,71186400
2021-06-11,124.36528015136719,124.45317468407444,123.14457656242446,123.5644988950441,53522400
2021-06-14,127.42190551757812,127.4804968993435,124.09183036028564,124.82425243468346,96906500
2021-06-15,126.60163116455078,127.53913823394846,126.35749040598746,126.89460305506064,62746300
2021-06-16,127.09967803955078,127.82234007827095,125.44929896252637,127.31452310778732,91815000
2021-06-17,128.70123291015625,129.4434303366887,126.61138865865254,126.75788205128507,96721700
2021-06-18,127.40242767333984,128.4278070000862,127.18758260077941,127.6465684465976,108953300
2021-06-21,129.19924926757812,129.30667176152045,126.1816740756951,127.24612385129173,79663300
2021-06-22,130.83987426757812,130.93753650393603,128.5351855604838,129.03324210427792,74783600
2021-06-23,130.56643676757812,131.17191580570798,130.10745108272897,130.63480331267544,60214200
2021-06-24,130.28326416015625,131.4844323925828,129.81450322458238,131.2988830515641,68711000
2021-06-25,129.99029541015625,130.7520133222248,129.69732354370646,130.33209840454234,70783700
2021-06-28,131.62112426757812,132.08010994524813,130.22464670870133,130.28323808863115,62111300
2021-06-29,133.1348114013672,133.29106502927266,131.20122118482706,131.6406714747908,64556100
2021-06-30,133.75003051757812,134.18948074107257,132.68556587699877,132.97853765971635,63261400
2021-07-01,134.0528106689453,134.1114020662822,132.57819096384344,133.3985152300678,52485800
2021-07-02,136.6797332763672,136.71878923106325,134.521522975564,134.66800143213112,78852600
2021-07-06,138.6914825439453,139.79498860999516,136.78718765891608,136.78718765891608,108181800
2021-07-07,141.18170166015625,141.4941940308165,139.31646299700128,140.17582819219206,104911600
2021-07-08,139.8828887939453,140.68366270138483,137.37311474377276,138.2617906456667,105575500
2021-07-09,141.7090606689453,142.2363981441266,139.3067090791504,139.40437134178396,99890800
2021-07-12,141.11337280273438,142.89072485841734,140.6250912359429,142.78330231767637,76299700
2021-07-13,142.22662353515625,144.00397520789517,140.2637374239949,140.65435663279786,100827100
2021-07-14,145.65438842773438,146.064558065358,144.2188393995652,144.62900903718884,127050800
2021-07-15,145.00009155273438,146.48447170500634,143.64266937764816,145.74228907945587,106820300
2021-07-16,142.95904541015625,146.25005768557594,142.46100368486307,144.98053780920102,93251400
2021-07-19,139.1113739013672,140.69341583864048,138.3496560764886,140.38090857655365,121434600
2021-07-20,142.72467041015625,143.6524171415738,139.6094470898314,140.097728569033,96350000
2021-07-21,141.9922332763672,142.7051348899588,141.24029060622254,142.11919121599766,74993500
2021-07-22,143.35943603515625,144.72661812834664,142.39263340422124,142.5195913490058,77338200
2021-07-23,145.07818603515625,145.23443967973952,143.47662343109712,144.09186284341388,71447400
2021-07-26,145.49807739257812,146.31838645811138,144.23830320514284,144.7949510789314,72434100
2021-07-27,143.33016967773438,145.71298601459037,142.13876150930636,145.6250840111189,104818600
2021-07-28,141.58206176757812,143.5254269831522,139.19924629956387,141.41604789004137,118931200
2021-07-29,142.22662353515625,143.1152993715257,141.1914692207776,141.29889173837356,56699500
2021-07-30,142.4414520263672,142.90043773904355,140.73246710930246,140.99614324026174,70440600
2021-08-02,142.1094207763672,143.50589840764349,141.84574465184807,142.92972994024274,62880000
2021-08-03,143.9063262939453,144.57038199069586,141.7774111754852,142.39265064248633,64786600
2021-08-04,143.50592041015625,144.32622969980267,142.8516250314263,143.81842770211748,56368300
2021-08-05,143.6133270263672,144.37504483971543,142.7441867059485,143.53520021202812,46397700
2021-08-06,142.92872619628906,143.87741265764788,142.42993828378326,143.1341182329051,54126800
2021-08-09,142.87979125976562,143.47638761858664,142.32232429166498,142.98737469901172,48908700
2021-08-10,142.40057373046875,144.46420892889094,142.10716298252666,143.22211188591413,69023100
2021-08-11,142.65487670898438,143.4959796880464,142.33212632967644,142.84070404163072,48493500
2021-08-12,145.61831665039062,145.77480442008488,142.63533383088497,142.97764896165427,72282600
2021-08-13,145.82371520996094,146.1562405427538,145.01195165744014,145.69656702598306,59375000
2021-08-16,147.79930114746094,147.8677701385214,143.25148569982673,145.27599198977236,103296000
2021-08-17,146.8897247314453,148.3469738946529,145.81389018106398,146.92883920441727,92229700
2021-08-18,143.14389038085938,147.4080844695857,142.938498348175,146.50830231259667,86326000
2021-08-19,143.47647094726562,144.74790826128748,141.32481583618946,141.84316863811011,86960300
2021-08-20,144.93370056152344,145.23688628655097,143.5546800797901,144.20018093381358,60549600
2021-08-23,146.42031860351562,146.8897670318289,144.64030363910405,145.05107287931523,60131800
2021-08-24,146.33224487304688,147.54500248159704,145.8725714606484,146.1659822444016,48606400
2021-08-25,145.09994506835938,147.0168826886461,144.5522528692755,146.51807985316438,58991300
2021-08-26,144.2979736328125,145.84325676235127,144.2686340417797,145.09018736118287,48597200
2021-08-27,145.3346710205078,145.48136895257556,143.60356080464544,144.23927174159581,55802400
2021-08-30,149.7553253173828,150.11720505871097,145.34443375463215,145.72586326960624,90956700
2021-08-31,148.4936981201172,149.4423845898935,147.9655556918431,149.30546153876566,86453100
2021-09-01,149.1587677001953,151.57449356451917,148.9925050400125,149.47174324183015,80313700
2021-09-02,150.27369689941406,151.32019193818465,149.05116433458483,150.48886382470346,71115500
2021-09-03,150.90945434570312,151.23220480113145,149.72603600913263,150.38131181009447,57808700
2021-09-07,153.2468719482422,153.80433891934064,150.99740952140291,151.5646663019791,82278300
2021-09-08,151.70162963867188,153.58921285674052,150.59645536526742,153.53053367824012,74420200
2021-09-09,150.68447875976562,152.67964530991367,150.56710548729126,152.073273942186,57305700
2021-09-10,145.696533203125,152.0634770377577,145.4324620067416,151.59402874023678,140893200
2021-09-13,146.26382446289062,148.09272872223804,145.48140050070867,147.3200945733119,102404300
2021-09-14,144.86521911621094,147.7504080093713,143.68181590903453,147.04622803340942,109296300
2021-09-15,145.7552032470703,146.15619746026422,143.15365068997156,145.29552986579753,83281300
2021-09-16,145.52047729492188,145.69652972947753,143.98498428450677,145.1781771600229,68034100
2021-09-17,142.85049438476562,145.54985605884855,142.55708356060515,145.54985605884855,129868800
2021-09-20,139.7990264892578,141.65726975585443,138.1657250042302,140.64012937196273,123478900
2021-09-21,140.27825927734375,141.42256280767091,139.642548359155,140.7672722677942,75834000
2021-09-22,142.6450958251953,143.21233776359767,140.54233100418216,141.27585049264187,76404300
2021-09-23,143.60353088378906,143.84803733528565,142.43967778690703,143.427478478497,64838200
2021-09-24,143.69158935546875,144.22950668219346,142.3614732946102,142.45928187164873,53477900
2021-09-27,142.1756591796875,142.75270596031078,140.65973055901063,142.27346776582567,74150700
2021-09-28,138.7917022705078,141.56929310981445,138.57653531162535,140.102253802977,108972300
2021-09-29,139.69143676757812,141.27583390106034,138.909013087078,139.33934685752757,74602000
2021-09-30,138.3907012939453,141.20742140322028,138.17553434540375,140.50324137590155,89056700
2021-10-01,139.51539611816406,139.77946730384753,136.0531908135578,138.7818766539813,94639600
2021-10-04,136.08255004882812,139.08509731906585,135.23167212302508,138.6449736382081,98322000
2021-10-05,138.00927734375,139.11445172258436,136.2977314979069,136.42487967911666,80861100
2021-10-06,138.87969970703125,139.02639764577518,135.32946035449564,136.4052949835953,83221100
2021-10-07,140.14137268066406,141.0509448396517,139.58390548679733,139.9164308251386,61732700
2021-10-08,139.75991821289062,141.01179037767685,139.42739293363346,140.86509243785557,58773200
2021-10-11,139.671875,141.6279267805162,138.6938491097419,139.14374758559657,64452200
2021-10-12,138.4004364013672,140.10220679881462,137.94076304556515,140.08264210270863,73035900
2021-10-13,137.8136749267578,138.29289821199288,136.14124356444967,138.1364253624136,78762700
2021-10-14,140.6010284423828,140.7184017237602,138.40046969110713,138.98729132751163,69907100
2021-10-15,141.65728759765625,141.71596677210917,140.35651117780878,140.61080749842878,67940300
2021-10-18,143.3297119140625,143.61333288501362,140.0142044027078,140.2978253736589,85589200
2021-10-19,145.4911651611328,145.89215946553824,143.32973571996214,143.77961939322623,76378900
2021-10-20,145.9801788330078,146.45941702243417,144.86522961087866,145.43248657280327,58418800
2021-10-21,146.1953125,146.35180023114674,144.62069014862826,145.54003691475097,61421000
2021-10-22,145.42271423339844,146.8799636819581,145.37380993998815,146.40074040762428,58883400
2021-10-25,145.37376403808594,146.08771874126032,144.37617347678713,145.4128785063667,50720600
2021-10-26,146.0388641357422,147.52545305998103,145.73566350958762,146.04863902426567,60893400
2021-10-27,145.5791473388672,146.4397999010397,145.2270574514136,146.07793512797247,56094900
2021-10-28,149.2174072265625,149.80421376724462,146.43002765698066,146.52783620883923,100077900
2021-10-29,146.50831604003906,146.64523910016035,143.1928080838573,143.9850068548087,124953200
2021-11-01,145.686767578125,146.4104973070888,144.55225377378474,145.71610716586716,74588300
2021-11-02,146.72341918945312,148.23936200395244,145.383513837076,145.39330364507467,69122000
2021-11-03,148.16116333007812,148.63061162902127,146.52786170952203,147.0853287663622,54511500
2021-11-04,147.64279174804688,149.08047604584104,147.3298163066968,148.24916301129954,60394600
2021-11-05,148.17169189453125,149.07278712412187,146.976757690118,148.76915899673787,65463900
2021-11-08,147.34898376464844,148.45577097835087,147.07473798616405,148.29905483485294,55020900
2021-11-09,147.7113494873047,148.31860574960734,146.97675951376903,147.11388237768483,56787900
2021-11-10,144.8807373046875,147.0453357776248,144.8121833419343,146.93759531163658,65187100
2021-11-11,144.831787109375,146.35973220816493,144.64568854947308,145.89940280376894,41000000
2021-11-12,146.90823364257812,147.3097982131486,144.449795829464,145.38027365145768,63804000
2021-11-15,146.9180145263672,148.7593917575851,146.3597188974358,147.28040751304476,59222800
2021-11-16,147.89747619628906,148.37741378411212,146.27157982474884,146.85925789370467,59256200
2021-11-17,150.3363037109375,151.81527292494047,147.88767027666427,147.89745943010328,88807000
2021-11-18,154.6262969970703,155.4098626732955,149.9053395784081,150.5517823821893,137827700
2021-11-19,157.25123596191406,157.71158022509883,153.3138293695712,154.41081232255357,117305600
2021-11-22,157.7115936279297,162.29542845267346,157.69200037488366,158.3580215257173,117467900
2021-11-23,158.09356689453125,158.47555309859132,155.79184557181551,157.80951705712113,96041900
2021-11-24,158.61268615722656,158.8085738483819,156.35994034575776,157.4471342187338,69463600
2021-11-26,153.58810424804688,157.15331446693773,153.14735315261942,156.29140553118123,76959800
2021-11-29,156.94760131835938,157.87807895924246,155.52738208486963,156.0954667892113,88748200
2021-11-30,161.90362548828125,162.11910639926788,156.63416221186944,156.70273111321544,174048100
2021-12-01,161.3845672607422,166.8009442517478,161.14949302605055,164.03887803890356,152052500
2021-12-02,160.39524841308594,160.82621020631422,154.55771579191074,155.47840417830398,136739200
2021-12-03,158.51473999023438,161.57064486360198,156.43830349501886,160.64995624545222,118023100
2021-12-06,161.9232177734375,164.43061569150498,160.90457802842855,160.91436718058944,107497000
2021-12-07,167.66282653808594,168.05461686688494,164.88118245734097,165.60598335666447,120405400
2021-12-08,171.482666015625,172.3445896038888,167.19265626801877,168.59328209894744,116998900
2021-12-09,170.97340393066406,173.11840952908594,170.34655427614908,171.31621864051468,108923700
2021-12-10,175.76292419433594,175.93923359247646,171.1007310045987,171.61005099944745,115402700
2021-12-13,172.129150390625,178.38785718223016,171.9234585953343,177.39859965742585,153237000
2021-12-14,170.7480926513672,174.08803193389883,168.67165647349816,171.64918787846642,139380400
2021-12-15,175.61599731445312,175.81188500506997,168.76961267963995,171.5120851840939,131063300
2021-12-16,168.7206573486328,177.41820935643656,167.24168791922142,175.5964252181878,150185800
2021-12-17,167.62362670898438,169.90575454907355,166.2034225016212,166.43848171398616,195432700
2021-12-20,166.26220703125,167.07515510943043,164.01926542394992,164.82240940360504,107499100
2021-12-21,169.4356689453125,169.641345814115,165.64517367936028,168.03504264727704,91185900
2021-12-22,172.03121948242188,172.24670045723798,168.61292124127107,169.48463429565436,92135300
2021-12-23,172.65802001953125,173.21631555321488,171.6687776041213,172.23686229013825,68356600
2021-12-27,176.62484741210938,176.71299463822913,173.43183445537653,173.4514127643316,74919600
2021-12-28,175.60617065429688,177.60426369959058,174.86179154747876,176.458305164174,79144300
2021-12-29,175.69436645507812,176.9186832802021,174.4798387842566,175.6453907930184,62348900
2021-12-30,174.53858947753906,176.85990415292721,174.4308490078352,175.78249945588863,59773000
2021-12-31,173.9215850830078,175.54746672076513,173.61794190920978,174.43089020072648,64062300
2022-01-03,178.2703094482422,179.12244407617163,174.05867174915193,174.17620137564992,104487900
2022-01-04,176.00778198242188,179.18121654083714,175.43969718796814,178.87758836256972,99310400
2022-01-05,171.32598876953125,176.46811917460536,171.0517430102158,175.91962765597447,94537600
2022-01-06,168.4659881591797,171.69818743268368,168.1133843303379,169.15160256379613,96904000
2022-01-07,168.63247680664062,170.56200104833394,167.51590061636946,169.33768439473522,86709100
2022-01-10,168.65211486816406,168.95574308768624,164.71470727935647,165.6060136268591,106765600
2022-01-11,171.482666015625,171.5806023673016,167.31020081340813,168.77938059598344,76138300
2022-01-12,171.92344665527344,173.5395387171234,171.22804314076478,172.5013205493631,74805200
2022-01-13,168.65211486816406,172.99108706764017,168.26032446775187,172.16834964468802,84505800
2022-01-14,169.51402282714844,170.20942643626557,167.57469415475944,167.8195575274604,80440800
2022-01-18,166.3112030029297,168.99489595879072,165.9292167455851,167.9860600754121,90956700
2022-01-19,162.81455993652344,167.56491564685888,162.53052498206404,166.5071040161468,94815000
2022-01-20,161.12986755371094,166.19363965286126,160.8066461501134,163.54911855874857,91420500
2022-01-21,159.0730438232422,162.91249968467412,158.965303342259,161.04173994454513,122848900
2022-01-24,158.29925537109375,158.9652914615593,151.5214395660685,156.73213888196668,162294600
2022-01-25,156.4970703125,159.41583739515477,153.79378418345803,155.71350456711474,115798400
2022-01-26,156.40892028808594,161.01234841002858,154.57734716045317,160.14063545703362,108275300
2022-01-27,155.9485626220703,160.47363228871149,155.02787408749768,159.11219273840805,121954600
2022-01-28,166.830322265625,166.849915520985,159.45503834907882,162.3052517203285,179935700
2022-01-31,171.1888885498047,171.40436952425716,166.0271642085972,166.66381797685227,115541600
2022-02-01,171.0223846435547,171.2476547749565,168.76963849371157,170.43470653654342,86213900
2022-02-02,172.22711181640625,172.26629832848187,169.76868874093756,171.1595110141142,84914300
2022-02-03,169.34747314453125,172.61885859356588,168.58350075012603,170.89501118442868,89418100
2022-02-04,169.06307983398438,170.74008547588204,167.38607419208668,168.36677539536157,82465400
2022-02-07,168.34718322753906,170.5929825465771,167.65087874308003,169.52402175607514,77251200
2022-02-08,171.45599365234375,171.965962469506,168.12160057312957,168.4158139278121,74829200
2022-02-09,172.8780059814453,173.24086063611506,171.5246335396632,172.65244889591918,71285000
2022-02-10,168.79830932617188,172.09346641687537,168.23931734555768,170.77933021680633,90865900
2022-02-11,165.38546752929688,169.73978371917386,164.79704076038374,169.00425774018962,98670700
2022-02-14,165.62081909179688,166.30730692089233,163.3455851847236,164.13995074155633,86185500
2022-02-15,169.45535278320312,169.61226856573026,166.96437833391397,167.67048439097334,62527400
2022-02-16,169.2200164794922,169.99476394129306,166.7682631690513,168.53352854543166,61177400
2022-02-17,165.62081909179688,168.5923424525554,165.21872801892943,167.72932063065696,69589300
2022-02-18,164.07131958007812,167.24878200376986,162.98274061084325,166.5426908818598,82772700
2022-02-22,161.1488494873047,163.4731068473456,159.02071443579257,161.79610099125685,91162800
2022-02-23,156.9808807373047,162.94353209804362,156.66704910552062,162.3453036437316,90009200
2022-02-24,159.59934997558594,159.70722772731528,149.0666116347653,149.63542023803691,141147500
2022-02-25,161.6686248779297,161.9334034703252,157.76542269815738,160.6781069290293,91974200
2022-02-28,161.93341064453125,162.22762405787608,159.29532147992174,159.9131681515143,95056600
2022-03-01,160.0504608154297,163.38485445669167,158.84420231864755,161.5215128724912,83474400
2022-03-02,163.34561157226562,164.13017563125035,159.80527916281847,161.21749147612806,79724800
2022-03-03,163.02200317382812,165.65029092720997,162.3551333488954,165.21877988081016,76678400
2022-03-04,160.02099609375,162.35506949161396,158.97165370211016,161.3155287237855,83737200
2022-03-07,156.2257080078125,161.8353202073776,155.9707161123603,160.2073525837716,96418800
2022-03-08,154.40159606933594,159.73661287922712,152.79324673379338,155.754968485403,131148300
2022-03-09,159.8052978515625,160.25642710163922,156.33362131227005,158.363665526824,91454900
2022-03-10,155.46075439453125,157.29466080253508,152.96976503092125,157.1083251850628,105342000
2022-03-11,151.74388122558594,156.20607434732403,151.51832415633135,155.86282296707049,96970100
2022-03-14,147.71322631835938,151.1456808985897,147.20327241217439,148.527210200246,108732100
2022-03-15,152.0969696044922,152.56771702935066,147.4778746009712,147.98782853142856,92964300
2022-03-16,156.51014709472656,156.91223829679822,151.47915863007114,154.01917189606445,102300200
2022-03-17,157.5202178955078,157.8928891304827,154.58793096024448,155.54901392146604,75615400
2022-03-18,160.8153839111328,161.30573452736996,156.67682351294607,157.41234943730183,123511700
2022-03-21,162.18836975097656,163.13965111509174,159.86409772398687,160.3544483255179,95811400
2022-03-22,165.56199645996094,166.1504082464849,161.72745088254396,162.31586266906788,81532000
2022-03-23,166.92515563964844,169.308252341418,164.41454803066404,164.7479978071537,98062700
2022-03-24,170.71067810058594,170.77931940838405,166.9251705809909,167.75875768604743,90131400
2022-03-25,171.34814453125,171.89733490405604,169.4161616355689,170.52435897204094,80546200
2022-03-28,172.21116638183594,172.33864738407132,168.68063546771577,168.84735290472764,90371900
2022-03-29,175.50631713867188,175.55534023387025,172.93686947046768,173.28012092274494,100589400
2022-03-30,174.33924865722656,176.14373519247044,173.28989123764686,175.10419436160848,92633200
2022-03-31,171.24029541015625,174.59429285993158,171.0343415037647,174.40795717422444,103049300
2022-04-01,170.946044921875,171.5050518578882,168.62178757896973,170.67144974905557,78751300
2022-04-04,174.99635314941406,175.0453912102986,171.0735477076942,171.20104367313095,76468400
2022-04-05,171.68157958984375,174.85905741860927,171.0539313110609,174.07449332905188,73401800
2022-04-06,168.51390075683594,170.27916603294383,166.8467115933005,169.0336712319797,89058800
2022-04-07,168.81793212890625,170.01438898962488,166.57213259059588,167.85684898260146,77594700
2022-04-08,166.8074951171875,168.46488285345913,165.9346714824091,168.46488285345913,76575500
2022-04-11,162.55123901367188,165.76793805160875,162.306063690876,165.4541214198734,72246700
2022-04-12,164.4243621826172,166.5917033939569,163.42404279659993,164.7774152033108,79265200
2022-04-13,167.1114959716797,167.73914420674996,163.55156041909547,164.1595904381064,70618900
2022-04-14,162.10011291503906,167.96471752203973,161.85493758758528,167.32725269207126,75329400
2022-04-18,161.88438415527344,163.38485607115766,160.41333208367593,160.75656858845937,69023900
2022-04-19,164.1693878173828,164.58129552240263,160.7467499371193,161.8353289533827,67723800
2022-04-20,164.002685546875,165.62085178233113,162.89450317699752,165.50315744246095,67929800
2022-04-21,163.20828247070312,168.21966591149055,162.7081302747772,165.650233704649,87227800
2022-04-22,158.66766357421875,164.63032953066207,158.38326676927218,163.24755201100473,84882400
2022-04-25,159.73663330078125,160.0210300948507,155.40193532965264,158.01058942731927,96046400
2022-04-26,153.77394104003906,159.20701874643933,153.69548315348126,159.1187592356787,95623200
2022-04-27,153.5484161376953,156.70626068843154,152.38137914765707,152.90114966122312,88063200
2022-04-28,160.4819793701172,161.34500140614668,155.86286910913438,156.17670074562366,130216800
2022-04-29,154.60755920410156,162.9925585964128,154.21528465651994,158.7167001847882,131747600
2022-05-02,154.9115753173828,155.17635387935172,150.31208408187865,153.68569876055605,123055300
2022-05-03,156.4022674560547,157.6085410477987,153.303262159751,155.09793269514185,88966500
2022-05-04,162.8160400390625,163.26715427373458,156.18648942865437,156.58858056796436,108256500
2022-05-05,153.74453735351562,160.91346101284063,151.95965391653039,160.68790391798768,130525300
2022-05-06,154.47132873535156,156.59275954886184,151.42668182783396,153.22400390708842,116124600
2022-05-09,149.3445281982422,153.04720818256274,148.78471498335946,152.16327128379606,131577900
2022-05-10,151.7507781982422,153.94096598283207,150.1989918029188,152.74275136095326,115366700
2022-05-11,143.88385009765625,152.67402087769284,143.20616949802272,150.7588463480562,142689800
2022-05-12,140.01422119140625,143.5892190057079,136.32137108215858,140.22047769386583,182602000
2022-05-13,144.48292541503906,145.45525149236786,140.55435700186288,142.0079231185743,113990900
2022-05-16,142.94097900390625,144.88563148350204,141.6052649207857,142.95081001781338,86643800
2022-05-17,146.5749053955078,147.0954395557584,144.06060880808,146.2016865687997,78336300
2022-05-18,138.3052978515625,144.72850245560213,137.40171366939953,144.22761523431257,109742900
2022-05-19,134.89723205566406,139.13026237954173,134.160625433561,137.38205052865445,136095600
2022-05-20,135.1329345703125,138.1873972505803,130.2418708685785,136.60614779257094,137426100
2022-05-23,140.55435180664062,140.70166712216994,135.1918495268943,135.32934881682118,117726300
2022-05-24,137.85348510742188,139.43473470985077,134.87759532556828,138.29544611720485,104132700
2022-05-25,138.01060485839844,139.25791446992204,135.86952739968447,135.95791658734237,92482700
2022-05-26,141.21240234375,141.76239957025606,134.69097882633443,134.93651437290322,90601500
2022-05-27,146.96778869628906,147.00706779846502,142.66600017228808,142.79368348039156,90978500
2022-05-31,146.18206787109375,147.969574191578,144.21778311608426,146.40797140805827,103718400
2022-06-01,146.05435180664062,149.0302410387393,145.04273170111645,147.22308826530934,74286600
2022-06-02,148.50973510742188,148.5686612441736,144.23741035730646,145.19008953159607,72348100
2022-06-03,142.78384399414062,145.327588805216,141.88027492949882,144.27668941243508,88570300
2022-06-06,143.53025817871094,145.91687147884687,142.31239647541148,144.40436412307008,71598400
2022-06-07,146.05435180664062,146.3391664090359,141.5266763270165,141.77221184112562,67808200
2022-06-08,145.3177947998047,147.19367537745603,144.82672360419159,145.92671828674779,53950200
2022-06-09,140.09280395507812,145.3079781710141,139.98476768189485,144.45351900166787,69473000
2022-06-10,134.68118286132812,138.24634933788164,134.61242570462275,137.77492521441144,91437900
2022-06-13,129.52491760253906,132.78562190034356,129.09277263849617,130.49722878533498,122207100
2022-06-14,130.38919067382812,131.49901613498997,129.1320498799016,130.75259347181498,84784300
2022-06-15,133.0115203857422,134.8874157174927,129.79992595411264,131.89187879778933,91533000
2022-06-16,127.7374038696289,130.0257968459268,126.7356146942801,129.72133518143346,108123900
2022-06-17,129.2106170654297,130.70347730890373,127.49186832675026,127.747234873443,134520300
2022-06-21,133.44366455078125,134.61241624219525,130.93921376781023,131.03741900238268,81000500
2022-06-22,132.9329376220703,135.29988866486136,131.51865061736427,132.38292546422988,73409200
2022-06-23,135.80081176757812,136.11508949160935,133.20795685254018,134.37670851634957,72433800
2022-06-24,139.13031005859375,139.37584568343823,137.27406133422164,137.4017296684532,89116800
2022-06-27,139.13031005859375,140.92763263081204,138.45262933621413,140.15173166397253,70207900
2022-06-28,134.9856414794922,140.85884829692233,134.86778919791305,139.59189131103963,67083400
2022-06-29,136.74365234375,138.15793948922365,134.2293707457082,135.00527146488074,66242400
2022-06-30,134.2784881591797,135.89901685954254,131.38117155043633,134.7990223471169,98964500
2022-07-01,136.4490203857422,136.5570566364842,133.23742590571564,133.61062978312276,71051600
2022-07-05,139.03207397460938,139.08118409124435,134.48474992493536,135.30976092001367,73353800
2022-07-06,140.36776733398438,141.54633502633234,138.56062920663072,138.82581180795694,74064300
2022-07-07,143.7365264892578,143.93295194501385,140.72134254203155,140.73115856961377,66253700
2022-07-08,144.41416931152344,144.9150713790322,142.41060600038625,142.66595755400886,64547800
2022-07-11,142.2829132080078,144.02130882314293,141.2123819760872,143.06862984096085,63141600
2022-07-12,143.25526428222656,145.79900902596674,142.4597314847581,143.1570440660671,77588800
2022-07-13,142.89187622070312,143.83472435454556,139.58204676627264,140.43652068379964,71185600
2022-07-14,145.8186492919922,146.29007333779407,140.69186596170863,141.5070457617974,78140700
2022-07-15,147.48831176757812,148.16599237248846,145.5534901802815,147.10527685866828,76259900
2022-07-18,144.4436798095703,148.86332029894717,144.08027695642463,148.04814036588357,81420900
2022-07-19,148.30348205566406,148.52937058051154,144.286523787425,145.27848208027842,82982400
2022-07-20,150.3070526123047,150.9749171763546,147.6847344414976,148.42134117440867,64823400
2022-07-21,152.57579040527344,152.79186287917176,149.22668204614965,151.74096357554814,65086600
2022-07-22,151.33827209472656,153.48916568446282,150.67042266234586,152.61505981778862,66675400
2022-07-25,150.21865844726562,152.27133221190695,149.56062491925485,151.2597268643066,53623900
2022-07-26,148.89279174804688,150.35617431230574,148.1070748417966,149.54099433337262,55138700
2022-07-27,153.99008178710938,154.52044701167125,149.44277321253915,149.85527117258624,78620700
2022-07-28,154.54005432128906,154.82486891584517,151.65255435703267,154.17665157972678,81378700
2022-07-29,159.60792541503906,160.70793488273625,156.65168275313596,158.3606155964203,101786900
2022-08-01,158.6258087158203,160.66866664290342,158.01688524229766,158.13473753103025,67829400
2022-08-02,157.15257263183594,159.50972297268584,156.77936877558471,157.24097682201486,59907000
2022-08-03,163.1632843017578,163.61506130985597,157.8793546055034,157.96774380452692,82507500
2022-08-04,162.84901428222656,164.20437546779837,161.49365309665475,163.0454397472784,55474100
2022-08-05,162.62281799316406,163.11457128010184,160.31157154170887,160.51811452535523,56697000
2022-08-08,162.1507110595703,165.04222255656555,161.49176350864772,163.62597080235415,60276900
2022-08-09,162.1999053955078,163.0850703328182,160.55745118727944,161.31475546531706,63135500
2022-08-10,166.4486846923828,166.54702636128977,164.14726753455847,164.91440158479267,70170500
2022-08-11,165.71102905273438,168.16979550252623,165.41597407733548,167.25512657950156,57149200
2022-08-12,169.261474609375,169.33031226065586,166.60599505436244,167.0190809905204,68039400
2022-08-15,170.33351135253906,170.53020967215141,168.5238628007137,168.69105712274018,54091700
2022-08-16,170.1761016845703,170.84489380290904,168.8287027941199,169.93022509830618,56377100
2022-08-17,171.67103576660156,173.24463691658173,169.72369740271,169.92039567056804,79542000
2022-08-18,171.2776336669922,172.01526346746522,170.26462327491188,170.8842371095866,62290100
2022-08-19,168.69102478027344,170.87441022573427,168.48448182965225,170.1761140668042,70346300
2022-08-22,164.8061981201172,167.05842149370653,164.38328250419255,166.89122718275175,69026800
2022-08-23,164.47178649902344,165.92738691269662,163.90135093265715,164.32426652803133,54147100
2022-08-24,164.76681518554688,165.33725066099007,163.50792827667766,164.56028725907692,53841500
2022-08-25,167.22561645507812,167.3338027751895,165.57333266477946,165.99623327523008,51218200
2022-08-26,160.92132568359375,168.2287866440609,160.8623176958489,167.75670773498427,78961000
2022-08-29,158.71827697753906,160.21319598841637,157.18400930436007,158.49205968709833,73314000
2022-08-30,156.2890167236328,159.87880933569366,155.118641623387,159.45590875707995,77906200
2022-08-31,154.62693786621094,157.93152126255586,154.5482555225929,157.6659702287353,87991100
2022-09-01,155.3546905517578,155.8070951296429,152.11894582091065,154.05645479166745,74229900
2022-09-02,153.24014282226562,157.71510032446895,152.41400097767612,157.11516076913463,76957800
2022-09-06,151.98123168945312,154.49900548839526,151.1550899755094,153.8892363672152,73714800
2022-09-07,153.38768005371094,154.08596126340717,151.07643378022465,152.26648324611122,87449600
2022-09-08,151.9124298095703,153.7810862700933,150.1617743268103,152.0894537868935,84923800
2022-09-09,154.7744140625,155.21700399593914,152.19763181879884,152.9057577037595,68028800
2022-09-12,160.7344512939453,161.5507634451195,156.67257987610813,156.9577901423654,104956000
2022-09-13,151.30264282226562,157.89213365235918,150.84039354694787,157.26269006575274,122656600
2022-09-14,152.74839782714844,154.5088829319825,151.0764397160354,152.23697022602627,87965400
2022-09-15,149.8568878173828,152.6795618131171,148.88322594006283,152.09928154477043,90481100
2022-09-16,148.21444702148438,148.85373533906042,145.92287475909458,148.71604501032593,162278800
2022-09-19,151.9320526123047,152.01073491901784,146.64079879810572,146.84732672200167,81474200
2022-09-20,154.31214904785156,155.47269441025097,150.5551623818667,150.86987662798256,107689800
2022-09-21,151.18460083007812,156.12180702361462,151.06658486761725,154.74488909740035,101696800
2022-09-22,150.22076416015625,151.92222593073575,148.42094575247768,149.86670127656183,86652500
2022-09-23,147.94886779785156,148.97172290795524,146.10971554201328,148.69634230303134,96029900
2022-09-26,148.2832794189453,151.2337989231627,147.1719122700789,147.19158660210013,93339400
2022-09-27,149.25689697265625,152.1680819563256,147.47675313434306,150.220743863227,84442700
2022-09-28,147.36859130859375,148.15539940831013,142.45105944426174,145.20488028971093,146691400
2022-09-29,140.12997436523438,144.30004650786495,138.35966001189522,143.6902774000374,128138200
2022-09-30,135.9205780029297,140.7397682439674,135.72387972938284,138.9497794383235,124925300
2022-10-03,140.10049438476562,140.71027860420344,135.41900896557823,135.93043653465315,114311700
2022-10-04,143.69029235839844,143.80830832520158,141.88062916042142,142.6379332973476,87830100
2022-10-05,143.98533630371094,144.94918341662517,140.65125008419213,141.69377951288206,79471000
2022-10-06,143.03131103515625,145.1065098853438,142.82478312042986,143.40504822367146,68402200
2022-10-07,137.7794189453125,140.73978304959337,137.1499753994762,140.18900681575843,85925600
2022-10-10,138.10398864746094,139.54974448383035,136.28451052504542,138.10398864746094,74899000
2022-10-11,136.6876983642578,139.0186184488053,135.94023899526678,137.59252233949377,77033700
2022-10-12,136.05825805664062,138.04494498633176,135.88123412590454,136.83523643828954,70433700
2022-10-13,140.631591796875,141.22168665886508,132.15375604675947,132.76354024673512,113224000
2022-10-14,136.09764099121094,142.1363705990491,135.9107723458466,141.92982762072035,88598000
2022-10-17,140.06114196777344,140.5430504714938,137.95643899314493,138.743247069302,85250900
2022-10-18,141.37905883789062,144.2804000004446,138.2908490399077,143.0903655439518,99136600
2022-10-19,141.48724365234375,142.55926212019432,139.16616774549112,139.35303637893844,61758300
2022-10-20,141.02499389648438,143.4837601022304,140.29719369702107,140.6611013003117,64522000
2022-10-21,144.84100341796875,145.41143897685419,140.29719327846567,140.51356590449524,86548600
2022-10-24,146.98504638671875,147.75218027161432,143.59195189473937,144.76232705447245,75981900
2022-10-25,149.82737731933594,149.97491229930705,146.89653213741997,147.6144876838341,74732300
2022-10-26,146.88671875,149.48317560972512,145.59831248015067,148.4701649982454,88194300
2022-10-27,142.41172790527344,146.59163005196794,141.75278042653088,145.62779799425218,109180200
2022-10-28,153.17129516601562,154.90226106166642,145.3819261249116,145.75564835945892,164762400
2022-10-31,150.81088256835938,151.69604741946125,149.41430514421359,150.6338586024099,97943200
2022-11-01,148.16525268554688,152.88608702918296,146.6703335656384,152.52219441549875,80379300
2022-11-02,142.63796997070312,149.66020693618322,142.60846597141662,146.49331428438626,93604600
2022-11-03,136.5894012451172,140.444745311601,136.46154058499346,139.71694502591794,97918500
2022-11-04,136.3234405517578,140.54967717607957,132.3828874157118,139.97829516751082,140814800
2022-11-07,136.85536193847656,137.08193945756335,133.6536636073325,135.07226465763827,83374600
2022-11-08,137.4267578125,139.32806703138522,135.44663574586633,138.32323704462326,89908500
2022-11-09,132.86557006835938,136.49088607476932,132.58973260430815,136.44162616361422,74917800
2022-11-10,144.68724060058594,144.68724060058594,137.4267769783545,139.14092283391125,118854000
2022-11-11,147.4751434326172,147.78053378231226,142.22435652176193,143.65281852957958,93979700
2022-11-14,146.07623291015625,148.04650852538037,145.238859760882,146.75598040253018,73374100
2022-11-15,147.81008911132812,151.3073317859871,146.35208917690562,149.9576976256643,89868300
2022-11-16,146.5786590576172,147.642609775535,145.100952232511,146.91361736230309,64218300
2022-11-17,148.47999572753906,149.22869517163417,143.9779079987764,144.25374542723313,80389400
2022-11-18,149.04153442382812,150.43058273283654,147.74115996689468,150.04637948055915,74829600
2022-11-21,145.8102569580078,148.13518303183807,145.52457357758468,147.92831248822412,58724100
2022-11-22,147.947998046875,148.18443654711209,144.74629997055138,145.92847743972578,51804100
2022-11-23,148.8247833251953,149.57348268525726,147.12048400893244,147.22884977452136,58301400
2022-11-25,145.90878295898438,146.66734339247978,144.9334909730617,146.10580754336945,35195900
2022-11-28,142.0765838623047,144.46061568789466,141.24907166473017,142.98290889279264,69246000
2022-11-29,139.07192993164062,142.65783165746328,138.2641245866872,142.14555568748492,83763800
2022-11-30,145.8299560546875,146.50970358247017,138.46112907886217,139.2984872397453,111380900
2022-12-01,146.1058349609375,146.91365545012422,144.43110313137328,146.00733016626612,71250400
2022-12-02,145.61322021484375,145.80039880762385,143.4853188948338,143.79072424895466,65447400
2022-12-05,144.4508056640625,148.67704153557165,143.60358628944576,145.57386250650663,68826400
2022-12-06,140.7860565185547,145.11081116378415,139.81076461635996,144.88423366279338,64727200
2022-12-07,138.8452911376953,141.23916821082494,137.91925941933022,140.07671309679648,69721100
2022-12-08,140.5299072265625,141.38698737134578,139.00295559622268,140.24422386630843,62128300
2022-12-09,140.0471954345703,143.40651899251785,138.8059121667718,140.2245130259643,76097000
2022-12-12,142.3425750732422,142.352421040337,138.96354439037955,140.5791698825673,70462700
2022-12-13,143.3080291748047,147.7411502710795,142.0963136174533,147.27813419846305,93886200
2022-12-14,141.0816192626953,144.48034234830936,139.06208336103646,143.1898139764628,82291200
2022-12-15,134.4713592529297,139.69259452336593,134.00834311374663,139.01284678575612,98931900
2022-12-16,132.51089477539062,135.6042272094749,131.74248840865712,134.65850323442362,160156900
2022-12-19,130.4027099609375,133.1906522558453,129.36832710470327,133.10199344508453,79592600
2022-12-20,130.33377075195312,131.26964891983806,127.95958437581338,129.43729149310985,77432800
2022-12-21,133.4369354248047,134.7767236692483,130.77706590433928,131.003643429146,85928000
2022-12-22,130.26480102539062,132.56017450128888,128.3634917913713,132.35330392731453,77852100
2022-12-23,129.90029907226562,130.4519739547497,127.71329147955147,128.974266934376,63814900
2022-12-27,128.09750366210938,129.45699902617415,126.80697517918489,129.42744608626094,69007800
2022-12-28,124.16679382324219,129.08263031505834,123.99932216789122,127.7428420402377,85438400
2022-12-29,127.68373107910156,128.54079629058208,125.83167442757419,126.08780488461109,75703700
2022-12-30,127.99897003173828,128.01867700022572,125.53613260725537,126.50157113096991,77034200
2023-01-03,123.21119689941406,128.9545451464431,122.32457128587431,128.3437644584535,112117500
2023-01-04,124.48204040527344,126.7478608503369,123.22106494631889,125.00416235162118,89113600
2023-01-05,123.16194915771484,125.87107865122056,122.9058186898535,125.24059093401247,80962700
2023-01-06,127.69358825683594,128.35362894146016,123.03388952483932,124.13724683818648,87754700
2023-01-09,128.21572875976562,131.427288863226,127.95959824320164,128.53098019432045,70790800
2023-01-10,128.78707885742188,129.30920076375085,126.21586822934367,128.32406282244906,63896200
2023-01-11,131.5060577392578,131.52574967331964,128.52109123972087,129.29934353146365,69458900
2023-01-12,131.42727661132812,132.26463497127472,129.4865533653131,131.89029271765745,71379600
2023-01-13,132.75718688964844,132.914812571895,129.70326821418658,130.0677644513709,57809700
2023-01-17,133.91966247558594,135.24958975985854,132.1365650960417,132.82615869144374,63646600
2023-01-18,133.20050048828125,136.54996329562516,133.0231678517452,134.7865730896908,69672800
2023-01-19,133.25961303710938,134.22504400705918,131.78190613060963,132.08729648616435,58280400
2023-01-20,135.82095336914062,135.96873306889344,132.22520615532028,133.26944989272516,80223600
2023-01-23,139.01283264160156,141.18999437445396,135.85053284595898,136.06726442233395,81760300
2023-01-24,140.41171264648438,141.03235437334166,138.21485919822922,138.22470516633354,66435100
2023-01-25,139.7516632080078,140.3131839948148,136.7469896041819,138.7960782416761,65799300
2023-01-26,141.82044982910156,142.10613318815084,139.79105325512376,141.04218251884544,54105100
2023-01-27,143.7611846923828,145.04186713056833,140.95355034191297,141.03236318771044,70555800
2023-01-30,140.874755859375,143.3868611555781,140.7269911492517,142.80563325307273,64015300
2023-01-31,142.1455535888672,142.19481349464007,140.16543164570373,140.57918779657314,65874500
2023-02-01,143.26858520507812,144.43105564330162,139.21968321658196,141.83029241325445,77663600
2023-02-02,148.5784912109375,148.93312639059383,145.9678670041684,146.68701339404373,118339000
2023-02-03,152.2038116455078,155.04101372137666,145.6329433931969,145.82996797468513,154357300
2023-02-06,149.47499084472656,150.82464018350336,148.5391127115985,150.3025182240104,69858300
2023-02-07,152.35157775878906,152.9229595728958,148.4011799958932,148.4011799958932,83322600
2023-02-08,149.66213989257812,152.28261017293363,148.92328650742598,151.59301668652708,64120100
2023-02-09,148.62774658203125,152.036330247997,148.1844375441137,151.49450140964842,56007100
2023-02-10,148.99282836914062,149.31842209117474,147.226745512614,147.46354505272012,57450700
2023-02-13,151.79489135742188,152.19940317198714,148.90402220916044,148.9336202674222,62199000
2023-02-14,151.15353393554688,151.71592703699005,148.84479553532418,150.0879588919917,61707600
2023-02-15,153.255126953125,153.4228543120151,150.83785669682248,151.06478017591323,65573800
2023-02-16,151.65676879882812,154.24176636818623,151.3015770289575,151.4594283283723,68167900
2023-02-17,150.51226806640625,150.9562540378776,148.83497936586727,150.31494264074843,59144100
2023-02-21,146.49661254882812,149.27895045459564,146.42755543146694,148.19363813923312,58867200
2023-02-22,146.92086791992188,147.94696900428042,145.19424437189434,146.88139380804506,51011300
2023-02-23,147.40431213378906,148.33175804369702,145.27317680704334,148.0850975380816,48394200
2023-02-24,144.75027465820312,145.22385866894857,143.77349352201168,145.1449254913303,55469600
2023-02-27,145.94407653808594,147.17737898488724,145.4803536136917,145.73689015780175,44998500
2023-02-28,145.44091796875,147.08860849628215,144.86866373473268,145.08572620470352,50547000
2023-03-01,143.36895751953125,145.26330849706878,143.0729618860178,144.86865768902635,55479000
2023-03-02,143.9609375,144.75025410916558,141.97777744941413,142.45137644789077,52238100
2023-03-03,149.0125274658203,149.09146062574686,145.3619553852426,146.06246271527925,70732300
2023-03-06,151.775146484375,154.21215352218627,151.41009374796985,151.7356723720831,87558000
2023-03-07,149.57496643066406,151.97249979658332,149.11124338331118,151.64690605769943,56182000
2023-03-08,150.8280029296875,151.41999432910836,149.80190156632023,150.76880680073876,47204800
2023-03-09,148.57843017578125,152.47566345847628,148.2232384177023,151.50875841619168,53833600
2023-03-10,146.51637268066406,148.92378215572674,145.63826168901898,148.2035375357173,68572400
2023-03-13,148.46006774902344,151.09440087745867,145.72706436882507,145.83559562377783,84457100
2023-03-14,150.5517120361328,151.35088971565344,148.09498288130473,149.25921331444258,73695900
2023-03-15,150.94638061523438,151.20290214198522,147.91738213550175,149.17042182051847,77167900
2023-03-16,153.76820373535156,154.37005612199135,149.61443315625291,150.1274913518228,76161100
2023-03-17,152.92953491210938,154.64629769155513,152.21915135199143,153.99511025228628,98944600
2023-03-20,155.29745483398438,155.7118577491849,152.0908681263484,152.99859207349292,73641400
2023-03-21,157.15234375,157.2707359778321,154.44893912645242,155.21853377224946,73938300
2023-03-22,155.72174072265625,159.97416620924432,155.7020036632039,157.17210596561782,75701800
2023-03-23,156.80702209472656,159.39203464017027,155.57371946683134,156.70836691747317,67622100
2023-03-24,158.10940551757812,158.19819969843707,155.74147036488569,156.73797352277555,59196500
2023-03-27,156.16571044921875,158.62245469903792,155.76118357485748,157.8035399490982,52390300
2023-03-28,155.54412841796875,156.37291926303735,153.89643783944095,155.85986113132142,45992200
2023-03-29,158.62245178222656,158.8987103608656,157.22142183199622,157.241143834068,51305700
2023-03-30,160.1912078857422,160.2997391161816,159.11577163727372,159.37229315696538,49501700
2023-03-31,162.69729614257812,162.7959663866168,159.74724553838644,160.27016471086742,68749800
2023-04-03,163.9503173828125,164.06870961825848,162.02636828199599,162.07570339841976,56976200
2023-04-04,163.41754150390625,164.61137005549932,162.90448337873613,164.37458557847017,46278300
2023-04-05,161.57249450683594,162.84527116493152,159.6386845457234,162.53941454235493,51511700
2023-04-06,162.46051025390625,162.75650592852264,159.83603835658786,160.2602872813979,45390100
2023-04-10,159.86561584472656,159.86561584472656,157.94166678976978,159.26376357061562,47716900
2023-04-11,158.65206909179688,160.1912285181147,158.3659344224378,160.18136751588224,47644200
2023-04-12,157.96139526367188,159.8952052146149,157.64566258721274,159.0664295213536,50133100
2023-04-13,163.34844970703125,163.58524921058068,159.26375236431844,159.4709538117945,68445600
2023-04-14,163.00315856933594,164.0983319737809,161.63172656331614,162.39143019016473,49386500
2023-04-17,163.02288818359375,163.18075455042484,161.83892054229136,162.8847588763579,41516200
2023-04-18,164.24627685546875,165.17372264212034,163.43722327819037,163.88122417326096,49923000
2023-04-19,165.3908233642578,165.91374248336922,163.32872989204589,163.58526647837797,47720200
2023-04-20,164.4239044189453,165.62760901810955,163.34846811386117,163.87138723669895,52456400
2023-04-21,162.81568908691406,164.226580111448,162.29276996055185,162.84528714652217,58337300
2023-04-24,163.1215362548828,163.38793383083043,161.70076925644653,162.79594256316088,41949600
2023-04-25,161.58236694335938,164.08843103621228,161.5428928319972,162.98339679746925,48714100
2023-04-26,161.57249450683594,163.07219461797823,160.6253265824028,160.8818480921529,45498800
2023-04-27,166.160400390625,166.3083906842776,162.98341161052969,162.98341161052969,64902300
2023-04-28,167.41342163085938,167.5811640335514,165.63747792316207,166.23933019675923,55275900
2023-05-01,167.3246612548828,168.17317422093868,166.38735409649894,167.01880455577543,52472900
2023-05-02,166.28866577148438,168.07450075678005,165.3020235951721,167.81796415576136,48425700
2023-05-03,165.2132110595703,168.6368602354505,164.92709148440827,167.23583030731814,65136000
2023-05-04,163.5753936767578,164.8086963510818,162.11516752574818,162.68742177323023,81235400
2023-05-05,171.25149536132812,171.97173995816638,168.47901810918157,168.6960805994559,113453200
2023-05-08,171.1824188232422,171.52774960942492,169.81098679048802,170.17603958076435,55962800
2023-05-09,169.4755401611328,171.22188606967399,169.30781278853107,170.73844101187063,45326900
2023-05-10,171.2416229248047,171.70534597701706,169.6037932108191,170.7088427451169,53724500
2023-05-11,171.42906188964844,172.25783762602444,169.87016559220018,171.5277321199156,49514700
2023-05-12,170.50035095214844,171.97247152405595,168.94917294661113,171.5377460938216,45533100
2023-05-15,170.00631713867188,171.1326441539854,169.4135070987024,171.08324080469038,37266700
2023-05-16,170.00631713867188,171.06347644981523,169.73955111310707,169.92727479495693,42110300
2023-05-17,170.61891174316406,170.85602374756016,168.37613188825594,169.65066921503973,57951600
2023-05-18,172.95062255859375,173.13834629441766,170.51024414446266,170.9252052614361,65496700
2023-05-19,173.05929565429688,174.2745399441767,172.84193292592303,174.2745399441767,55809500
2023-05-22,172.11077880859375,172.61467191708667,171.36977372037438,171.89341610998645,43570900
2023-05-23,169.50244140625,171.300620989034,169.22580071286586,171.05361929309908,50747300
2023-05-24,169.7790985107422,170.35214430979713,168.4749372695529,169.03809335131075,45143500
2023-05-25,170.91529846191406,171.81437317497037,169.63088663153601,170.34225271987503,56058300
2023-05-26,173.32601928710938,173.66195304430255,171.03385143516303,171.24133948884744,54835000
2023-05-30,175.17361450195312,176.84334846181008,174.45237373510062,174.8376957969301,55964400
2023-05-31,175.12420654296875,177.19902686801004,174.64007778024913,175.20324889662425,99625300
2023-06-01,177.93014526367188,177.95978426232014,174.8080400825605,175.56880955803746,68901800
2023-06-02,178.7798309326172,179.5998784017098,177.11009699591673,178.8588732872537,61996900
2023-06-05,177.42626953125,182.73186141970515,175.90473056039738,180.43969339813148,121946500
2023-06-06,177.0607147216797,177.95978950011875,175.30204865399,177.81159450251565,64848400
2023-06-07,175.68739318847656,179.03673595726826,175.19338974130497,176.2999526387169,61944600
2023-06-08,178.40438842773438,178.67113939917257,175.3316867918341,175.76639710388454,50214900
2023-06-09,178.78970336914062,180.04446105377914,178.46365934119785,179.3232203666376,48900000
2023-06-12,181.5857696533203,181.68457636718009,178.79959821677159,179.09600328256303,54274900
2023-06-13,181.11154174804688,181.94146392274692,180.25198057252106,180.60766365821948,54929100
2023-06-14,181.74386596679688,182.17859141427,179.8370198890403,181.17082015656314,57462900
2023-06-15,183.7791290283203,184.2830221162751,181.57587821037063,181.75372726370364,65433200
2023-06-16,182.70223999023438,184.74742157511324,182.06004151498252,184.490530124381,101256200
2023-06-20,182.79112243652344,183.8680612460024,182.19832743508823,182.19832743508823,49799100
2023-06-21,181.75375366210938,183.18636063386023,180.40017397466633,182.68246747271866,49515700
2023-06-22,184.7572784423828,184.8066817993699,181.46721386744264,181.53638158238215,51245300
2023-06-23,184.4411163330078,185.31056720794078,182.79114665956078,183.32467881492002,53117000
2023-06-26,183.04806518554688,185.7947235006194,183.0085364622244,184.58935372772677,48088700
2023-06-27,185.80455017089844,186.13059421306954,183.44321460104132,183.66057729582204,50730800
2023-06-28,186.98028564453125,187.6224840299043,185.3500804657921,185.67610944091012,51216800
2023-06-29,187.3162078857422,187.79046201011187,186.67400948819943,186.81232983886036,46347300
2023-06-30,191.6436767578125,192.14755478947328,188.9661717445866,189.33174450555188,85213200
2023-07-03,190.1518096923828,191.5547776450248,189.46019281962833,191.45597092726317,31458200
2023-07-05,189.0353546142578,190.66555990536892,188.33386310926684,189.27248168829453,46920300
2023-07-06,189.50958251953125,189.7170705815605,186.9308841600135,187.56320791106293,45094300
2023-07-07,188.3931427001953,190.3592817984136,187.9584323411384,189.11439856972888,46815000
2023-07-10,186.3479766845703,187.71143099184326,184.79679865953796,186.9901751208951,59922200
2023-07-11,185.82432556152344,187.0296950947768,184.3620796809065,186.8913747422291,46638100
2023-07-12,187.4940643310547,189.4009103170613,186.20965240962747,187.40513225686783,60750200
2023-07-13,188.2548065185547,188.89701997543003,187.5039267878899,188.21529288043007,41342300
2023-07-14,188.40301513671875,188.88712881002033,187.35573036289856,187.948525384943,41616200
2023-07-17,191.6634521484375,191.9894962144421,189.5095893997432,189.598506397075,50520200
2023-07-18,191.40655517578125,191.99936529239264,190.1122686661601,191.03112283932904,48288200
2023-07-19,192.76011657714844,195.85256735078863,190.33948805911442,190.784103142532,80507300
2023-07-20,190.8137664794922,194.11370571807572,190.1913173439326,192.7502514500073,59581200
2023-07-21,189.63803100585938,192.63169045749675,188.93653953192955,191.77212935032986,71951700
2023-07-24,190.4383087158203,192.57240699977407,189.94430532096735,191.09039681521514,45377800
2023-07-25,191.29786682128906,192.1080396126164,190.6062650944163,191.01135149007996,37283200
2023-07-26,192.16732788085938,193.29365506077994,191.00148706119938,191.34728040522955,47471900
2023-07-27,190.9026641845703,194.83492680246852,190.24070147552166,193.66908608151945,47460200
2023-07-28,193.48135375976562,194.27176213447206,191.81162002559202,192.33526237023054,48291400
2023-07-31,194.0939483642578,194.13347708185938,192.91821776612247,193.70862628447964,38824100
2023-08-01,193.26400756835938,194.37057034188453,192.93796352063418,193.88645666636083,35175100
2023-08-02,190.2703399658203,192.8391484466102,189.5490992662055,192.70082810591987,50389300
2023-08-03,188.87725830078125,190.06286344658966,188.40301925761534,189.27247006657564,61235200
2023-08-04,179.807373046875,185.13272939460776,179.7382053306166,183.2950360404776,115956800
2023-08-07,176.70504760742188,180.93371611312844,175.22303719441848,179.94570917112617,97576100
2023-08-08,177.6436309814453,178.10799539743132,175.45025461361834,177.5349496271552,67823000
2023-08-09,176.05291748046875,178.76004620834635,174.88706172714433,178.7007682180696,60378500
2023-08-10,175.8355712890625,178.58222898523437,175.47001359754938,177.3274561288203,54686900
2023-08-11,175.8949432373047,176.71609814181758,174.66816996475507,175.42996682009903,52036700
2023-08-14,177.54714965820312,177.77469387045335,175.42005736478495,176.0730260741773,43675600
2023-08-15,175.55856323242188,177.56692432110017,175.1628328578025,176.9733287591711,43622600
2023-08-16,174.6879425048828,176.6369303294026,174.61868139075943,175.24197103328896,46964900
2023-08-17,172.14535522460938,175.61793712814787,171.6308936142582,175.25188574378228,66062900
2023-08-18,172.63011169433594,173.23361029129558,170.12708024206367,170.46345254957686,61172200
2023-08-21,173.96571350097656,174.2526308376999,171.88810651020768,173.2039318191006,46311900
2023-08-22,175.34091186523438,175.78611232307705,174.3713618531986,175.17272569654475,42038900
2023-08-23,179.18943786621094,179.61486234805133,176.42918310654636,176.61716031274474,52722800
2023-08-24,174.49998474121094,179.16967585239115,174.13391827576947,178.74425133745834,54945800
2023-08-25,176.70619201660156,177.2404295003986,173.9459373407173,175.4893068451812,51449600
2023-08-28,178.2693634033203,178.66509377862053,176.6468447107556,178.17042326142217,43820700
2023-08-29,182.15745544433594,182.9291401969668,177.58670497165372,177.78457014737916,53003900
2023-08-30,185.6498260498047,185.84770631972717,182.77085531463172,182.9687204884091,60813900
2023-08-31,185.8675079345703,187.10418431162185,185.4816655087761,185.83782890921285,60794500
2023-09-01,187.4405517578125,187.89564016216337,186.27312153245367,187.47023078000296,45766500
2023-09-05,187.677978515625,187.95499277883354,185.61025951662367,186.27311615331163,45280000
2023-09-06,180.9603729248047,186.8370611072444,179.53571941437733,186.3918455631262,81755800
2023-09-07,175.66738891601562,176.31046963604499,171.69023379276553,173.312752460059,112488800
2023-09-08,176.28077697753906,178.3188321743013,175.89493458078306,176.4489782367689,65551300
2023-09-11,177.4481964111328,178.37817933531872,175.44972343125323,178.15063513987275,58953100
2023-09-12,174.42080688476562,178.20998441272386,172.95658655286022,177.57680682896927,90370200
2023-09-13,172.35311889648438,175.41017925863045,172.1255595752841,174.6285913393108,84267900
2023-09-14,173.86680603027344,174.2229694212733,171.72982568427443,172.14534712441645,60895800
2023-09-15,173.14454650878906,174.61866989320765,171.96724351151664,174.59887884816905,109259500
2023-09-18,176.07301330566406,177.46798769380123,174.2921965438023,174.59888982853914,67257600
2023-09-19,177.16128540039062,177.71531389898738,175.2419616044344,175.6278039585389,51826900
2023-09-20,173.6194610595703,177.78457830053213,173.5304088946865,177.3492658362857,58436200
2023-09-21,172.07608032226562,174.42082885900223,172.006834299268,172.68948203416045,63149100
2023-09-22,172.92691040039062,175.19250979208792,172.19480770645978,172.8081943086496,56725400
2023-09-25,174.20315551757812,175.08366835534056,172.2937196425223,172.34318970903263,46172700
2023-09-26,170.12705993652344,173.33251464271248,169.8302546610243,172.95657538348075,64588900
2023-09-27,168.6133575439453,171.19553782333026,167.24807740616436,170.78001646868876,66921800
2023-09-28,168.87062072753906,170.19633406818943,165.83333655703308,167.53500431517824,56294400
2023-09-29,169.38507080078125,171.22524557281096,168.52433390834895,170.18643455541363,51861100
2023-10-02,171.8979949951172,172.4421355524603,169.10804618991,169.39496352748424,52164500
2023-10-03,170.56240844726562,171.7793089326026,168.9992627128071,170.42390128992824,49594600
2023-10-04,171.8089599609375,172.3531005247124,169.14763028223018,169.26634637027362,53020300
2023-10-05,173.045654296875,173.5798918450903,170.83941278902026,171.93758200671277,48527900
2023-10-06,175.59812927246094,176.09279974358,171.33405713065292,171.947458780219,57266700
2023-10-09,177.0821533203125,177.1415113656987,173.92615307401468,174.9253820623563,42390800
2023-10-10,176.48854064941406,177.80436599291428,176.05322819338144,176.20163840129018,43698000
2023-10-11,177.88351440429688,177.9329844734106,175.70696722860302,176.300562769531,47551100
2023-10-12,178.7838134765625,180.39642899359671,177.13160077070958,178.1506358590928,56743100
2023-10-13,176.94366455078125,179.9908219020002,176.24122571645097,179.48626336769357,51427100
2023-10-16,176.8150177001953,177.17118104988546,174.6285675347915,174.86601479996662,52517000
2023-10-17,175.26177978515625,176.51824728047166,172.9368371257381,174.76710920704838,57549400
2023-10-18,173.96571350097656,175.68717223288098,173.2434988158149,173.70849028197048,54764400
2023-10-19,173.5897674560547,175.94438862084118,173.3226411761323,174.16357191493293,59302900
2023-10-20,171.03729248046875,173.55021220691836,170.79984518424126,173.44138408316581,64244000
2023-10-23,171.156005859375,172.15523490983713,168.1187215150264,169.08828663709707,55980100
2023-10-24,171.59132385253906,171.81886808001443,169.62252961684246,171.2054814250168,43816600
2023-10-25,169.2762451171875,171.21534495437086,168.83102960610762,170.04792986204652,57157000
2023-10-26,165.11109924316406,169.55324523930184,163.90410215906684,168.554001286647,70625300
2023-10-27,166.4269561767578,167.1590740039346,165.05177269186868,165.13092178908886,58499100
2023-10-30,168.47486877441406,169.34549366723184,167.0700063949142,167.21841659954197,51131000
2023-10-31,168.9497528076172,169.07835686158955,166.11033410734646,167.54489051547947,44846000
2023-11-01,172.11566162109375,172.37288485640974,168.3066925856151,169.1773175299865,56934900
2023-11-02,175.6773223876953,175.88507558379146,173.58981187255435,173.6491699285818,77334800
2023-11-03,174.76708984375,174.93529110628108,171.5022764668811,172.38278939451087,79829200
2023-11-06,177.319580078125,177.51744525540883,174.3317811800047,174.49996733550321,63841300
2023-11-07,179.88198852539062,180.495375116872,177.06236062659886,177.2701137835187,70530000
2023-11-08,180.9405517578125,181.49458023161168,179.65440560298228,180.40631432840433,49340300
2023-11-09,180.4656982421875,182.1574629246798,179.87208759448916,181.00983881988668,53763500
2023-11-10,184.65611267089844,184.8245355233408,181.81296804065445,182.2488540012565,66133400
2023-11-13,183.0710906982422,184.28957909475855,182.4866141219331,184.0815522328342,43627500
2023-11-14,185.68638610839844,186.35011603301572,184.55705211313364,185.94394820695575,60108400
2023-11-15,186.25106811523438,187.72713387081996,186.02322411136396,186.09257648247507,53790500
2023-11-16,187.93516540527344,189.173470968727,186.88506958999568,187.79647578680803,54412900
2023-11-17,187.91534423828125,188.5988913131576,186.80582731444395,188.47010270019993,50922700
2023-11-20,189.65887451171875,190.1145776039652,188.10357060538217,188.11347160798348,46505100
2023-11-21,188.8564453125,189.72821721009598,187.96487141071046,189.6192457228965,38134500
2023-11-22,189.52017211914062,191.12501116236683,189.04466705374648,189.69849596618437,39617700
2023-11-24,188.19271850585938,189.11401054524026,187.47945332619432,189.08429242242372,24048300
2023-11-27,188.014404296875,188.886176253634,187.13273133734725,188.14319291304204,40552600
2023-11-28,188.61868286132812,189.29232889633607,187.62803848681267,188.0044881862593,38415400
2023-11-29,187.59832763671875,190.29288164913223,187.2020759179661,189.11401237919708,43014200
2023-11-30,188.1728973388672,188.53944603911236,186.42936866830843,188.06392585220516,48794400
2023-12-01,189.45083618164062,189.76783452208102,187.45963130874318,188.54934617033052,45704800
2023-12-04,187.65777587890625,188.2719857330804,185.69630404843608,188.20263336404662,43389500
2023-12-05,191.61045837402344,192.58128575658978,188.4007647355339,188.43049797744138,66628400
2023-12-06,190.520751953125,192.93791176533594,190.3127099631217,192.6308143978356,41089700
2023-12-07,192.4524688720703,193.17563496534902,191.77882290005957,191.8184571363125,47477700
2023-12-08,193.87904357910156,194.15642283244122,191.8581203150147,192.38316069569592,53406400
2023-12-11,191.37269592285156,191.67980841318465,189.6291670567547,191.3033586686724,60943700
2023-12-12,192.8883819580078,192.8982829604503,189.92634969600132,191.27362671385956,52696900
2023-12-13,196.10797119140625,196.1475903161728,193.02706651664724,193.26481149731427,70404200
2023-12-14,196.25656127929688,197.75242887078264,194.32480773637585,196.16740691178524,66831600
2023-12-15,195.72161865234375,196.54384019084355,195.15694409646994,195.6819844119138,128538400
2023-12-18,194.0573272705078,194.79040955452615,192.5713606983871,194.25545312358386,55751900
2023-12-19,195.0974884033203,195.10738940442394,194.05730887821485,194.32478706833504,40714100
2023-12-20,193.0072479248047,195.8305753609382,193.0072479248047,195.05787394759355,52242800
2023-12-21,192.85862731933594,195.236182736706,191.68967428738756,194.26535554386368,46482500
2023-12-22,191.78878784179688,193.5818520298925,191.16467694820312,193.35399290351117,37149600
2023-12-26,191.24391174316406,192.0760494430794,191.02596875756228,191.7986702097743,28919300
2023-12-27,191.3429412841797,191.68967283701622,189.3022164363663,190.68912753168,48087700
2023-12-28,191.76893615722656,192.83883387512188,191.3627683436117,192.32369457775746,34049900
2023-12-29,190.72877502441406,192.58127531145587,189.9362564400636,192.08595308574118,42672100
2024-01-02,183.9032440185547,186.67705163638013,182.16961614691823,185.3991117688797,82488700
2024-01-03,182.5262451171875,184.14100045386294,181.7139093893273,182.49652699212288,58414500
2024-01-04,180.2081298828125,181.37708304150152,179.18776734055538,180.44587486910356,71983600
2024-01-05,179.4849395751953,181.05015949262307,178.48439420396812,180.28737421180142,62379700
2024-01-08,183.82400512695312,183.8636393749786,179.80199056645665,180.38646723852088,59144500
2024-01-09,183.40792846679688,183.41782947036643,181.02047151140061,182.1993409257264,42841800
2024-01-10,184.4480743408203,184.65610118978807,182.19930742900604,182.62529236075727,46792900
2024-01-11,183.85366821289062,185.3000155120803,181.9020977729046,184.79477725525186,49128400
2024-01-12,184.1806182861328,184.99295400827782,183.45745205458948,184.31930790747037,40477800
2024-01-16,181.9120330810547,182.5361287641061,179.23728115128065,180.45578462721193,65603000
2024-01-17,180.97093200683594,181.21859313457642,178.61320834965068,179.57413473456663,47317400
2024-01-18,186.86526489257812,187.3704881134165,184.0914574471942,184.34901955890965,78005800
2024-01-19,189.76785278320312,190.15420352293785,187.0534966021051,187.5587198414397,68903000
2024-01-22,192.07606506347656,193.50259558850516,190.4613096613906,190.5009439071057,60133900
2024-01-23,193.35397338867188,193.91864797179585,192.01661247228014,193.19548176740474,42355600
2024-01-24,192.68032836914062,194.542744606446,192.5218216434054,193.59171936806808,53631300
2024-01-25,192.35345458984375,194.4338142359283,191.30337376286192,193.39363441288603,54822100
2024-01-26,190.61978149414062,192.9378856146602,190.14427644491346,192.4524795638358,44594000
2024-01-29,189.93624877929688,190.4018528619721,187.8063693410428,190.2136280052267,47145600
2024-01-30,186.28076171875,190.00559424490717,185.71610228505008,189.15363947733223,55859400
2024-01-31,182.67481994628906,185.34957189909602,182.62529981948686,185.2901205380725,55467800
2024-02-01,185.11180114746094,185.20095550981347,182.10024901841177,182.26865674153308,64885400
2024-02-02,184.1112823486328,185.5774319441079,177.57302274507782,178.1773164815156,102551700
2024-02-05,185.92413330078125,187.47945226083425,184.10135123689923,186.3897373769733,69668800
2024-02-06,187.5289764404297,187.53887744205016,185.02264747144727,185.11180183413052,43490800
2024-02-07,187.63795471191406,189.26261088240534,186.84543618864265,188.85644306077413,53439000
2024-02-08,186.55816650390625,187.7667388029894,185.5972401965417,187.61814818475136,40962000
2024-02-09,187.32191467285156,188.45268968737696,186.4787864459619,187.12352087688578,45155200
2024-02-12,185.6356658935547,187.14337102036012,185.27857823550397,186.89539390047275,41781900
2024-02-13,183.54275512695312,184.70330147289806,182.02513622573113,184.26685928046126,56529500
2024-02-14,182.65994262695312,184.02878118831165,180.96378758253468,183.8204888809099,54630500
2024-02-15,182.372314453125,182.99722170980874,179.88262933424807,182.06482521105013,65434500
2024-02-16,180.83482360839844,183.3542794985624,180.20000281806102,181.9358425720657,49752500
2024-02-20,180.09092712402344,180.9538827825082,178.54355209419236,180.31906186936408,53665600
2024-02-21,180.8447723388672,181.41015233649017,179.1982005294332,180.4678422502364,41371400
2024-02-22,182.87815856933594,183.46339606563654,180.98362490692526,181.99536064224762,52292200
2024-02-23,181.0431671142578,183.5427659606793,180.75550513620703,183.51300991264986,45119700
2024-02-26,179.6941375732422,181.28118200444274,179.1882545795608,180.76540051034647,40867400
2024-02-27,181.15225219726562,182.43180748858953,178.1070858709482,179.6346334198553,54318900
2024-02-28,179.9520263671875,181.6382676787398,178.67247114624934,181.03320292829392,48953900
2024-02-29,179.28749084472656,181.09277187641788,178.0773610649901,179.8032875873991,136682600
2024-03-01,178.20628356933594,179.06923911535185,175.94473341504965,178.0971730296413,73563100
2024-03-04,173.68316650390625,175.46858951163802,172.38375378915603,174.72465821330945,81510100
2024-03-05,168.74346923828125,170.6479317427376,168.24751498810025,169.37829007310003,95132400
2024-03-06,167.75155639648438,169.85441265484894,167.31511424596866,169.67586125903696,68587700
2024-03-07,167.63253784179688,169.34853532264208,167.12666995146384,167.78131806385875,71765100
2024-03-08,169.34857177734375,172.29454189091246,167.5730618254699,167.63257392710548,76267000
2024-03-11,171.35218811035156,172.9690037589795,170.65785520874886,171.54065314121274,60139500
2024-03-12,171.82830810546875,172.62183794587216,169.62626998762764,171.7489536078961,59825400
2024-03-13,169.7453155517578,171.78864474969012,169.37829909505535,171.37204497358655,52488700
2024-03-14,171.60018920898438,172.8995870640017,170.65787905831203,171.5109210667292,72913500
2024-03-15,171.22323608398438,171.22323608398438,168.91208752136302,169.78497182252738,121752700
2024-03-18,172.31434631347656,176.27206668827822,172.11596763998543,174.1493830977455,75604200
2024-03-19,174.65524291992188,175.18095319129145,171.62991909909198,172.92931675607417,55215200
2024-03-20,177.2242889404297,177.2242889404297,173.67325471299228,174.29816190798687,53423100
2024-03-21,169.98336791992188,176.05385870042272,169.45765758517675,175.61741650508932,106181300
2024-03-22,170.88600158691406,171.64977539848843,168.68396342338923,170.37020490965267,71160100
2024-03-25,169.4675750732422,170.54875171721093,168.078894077347,169.1898419011277,54288300
2024-03-26,168.3367919921875,170.0329469889122,168.20783904863555,168.62443878704727,57388400
2024-03-27,171.9076690673828,172.19533102381604,168.73356472173438,169.03114031499092,60273300
2024-03-28,170.0924530029297,170.83638432396197,169.13030061690222,170.36027251639132,65672700
2024-04-01,168.65420532226562,169.86433493378763,168.1086526063626,169.80482284392966,46240500
2024-04-02,167.47381591796875,167.96977013364764,166.86875116942764,167.71187939021036,49329500
2024-04-03,168.27725219726562,169.29891662745933,167.21591809103955,167.4242103770211,47691700
2024-04-04,167.45399475097656,170.5289019190824,167.45399475097656,168.9120862737285,53704400
2024-04-05,168.2078399658203,169.01128340394683,167.58293278713433,168.217753601793,42104800
2024-04-08,167.08697509765625,167.83090643391947,166.87868279928273,167.66228381393842,37425500
2024-04-09,168.29713439941406,168.7038205676874,166.98782288624614,167.33498182341344,42373800
2024-04-10,166.42242431640625,167.72182216558926,165.75784736817235,167.43417533006158,49709300
2024-04-11,173.6236572265625,174.040272115757,166.7993370367697,166.97787330186227,91070300
2024-04-12,175.12144470214844,176.91679662448954,172.80038249764078,172.8499658132502,101670900
2024-04-15,171.2926788330078,175.20080068867838,171.10421379905583,173.94107267383276,73531800
2024-04-16,168.00946044921875,172.354009228837,166.9084414489389,170.36027866522625,73711200
2024-04-17,166.64064025878906,169.2691919230274,166.64064025878906,168.23761366668208,50901200
2024-04-18,165.68838500976562,167.27544462394533,165.20235954360626,166.67037984876308,43122900
2024-04-19,163.66488647460938,165.05355218450794,162.7523325602016,164.8651023016311,68149400
2024-04-22,164.49810791015625,165.9066162144586,163.43677364744048,164.18070504913473,48116400
2024-04-23,165.5495147705078,165.69831011966792,163.58554027123327,164.01206877643943,49537800
2024-04-24,167.65235900878906,167.93009214499835,164.86509887626792,165.19241532333402,48251800
2024-04-25,168.51535034179688,169.22952573993217,166.7894239404159,168.15826264272923,50558300
2024-04-26,167.93008422851562,169.95357057341047,167.81104493623707,168.50539287934848,44838400
2024-04-29,172.09613037109375,174.60565774723543,171.69937301226366,171.9671774185786,68169400
2024-04-30,168.95176696777344,173.5740639461448,168.62443536523762,171.92749229774822,65934800
2024-05-01,167.93008422851562,171.31249528507365,167.74161922311797,168.20781735163217,50383100
2024-05-02,171.6299285888672,172.0167723030629,169.50724497899176,171.11413192483198,94214900
2024-05-03,181.8961944580078,185.48689856009224,181.18201909229816,185.13972451400554,163224100
2024-05-06,180.23971557617188,182.70955826534143,178.9601450261929,180.8745364649345,78569700
2024-05-07,180.9241180419922,183.40388947971314,179.8528700999816,181.96562507289974,77305800
2024-05-08,181.26136779785156,181.58869942461462,179.9817973354757,181.3704783401059,45057100
2024-05-09,183.07656860351562,183.16583674066726,180.63646690744054,181.0828227285221,48983000
2024-05-10,181.81512451171875,183.84135574437508,180.9013327671207,183.6526350835399,50759500
2024-05-13,185.02334594726562,185.837821467034,183.37454074079744,184.1890162605658,72044800
2024-05-14,186.16555786132812,187.02969899838186,185.0332491027049,186.245019986336,52393600
2024-05-15,188.44012451171875,189.36384333151435,186.1059718662387,186.6423374407049,70400000
2024-05-16,188.55931091308594,189.81082048816586,188.3805324914181,189.1850657006259,52845200
2024-05-17,188.589111328125,189.52277241007562,187.90376371878457,188.23153932133224,41282900
2024-05-20,189.751220703125,190.6252889956646,187.73491647398643,188.05276500067424,44361300
2024-05-21,191.05238342285156,191.42980957851574,189.6320225414164,189.80087387660714,42309400
2024-05-22,189.61216735839844,191.51922822288097,188.9864276944718,190.97293553544338,34648500
2024-05-23,185.61929321289062,189.7114944206788,185.370979738518,189.69162509909052,51005900
2024-05-24,188.6983642578125,189.2943226367172,186.771449342652,187.54620129756856,36327000
2024-05-28,188.70831298828125,191.69800175645932,187.82431762786635,190.21804799663707,52280100
2024-05-29,189.00628662109375,190.95307102285372,188.23154975607,188.33088121296123,53068000
2024-05-30,189.99952697753906,190.88352231957748,189.34399093884022,189.47310363654154,49889100
2024-05-31,190.9530792236328,191.27092777465327,188.6288685287447,190.14854591816024,75158300
2024-06-03,192.72105407714844,193.67458449503022,191.22124613590765,191.5986723140291,50080500
2024-06-04,193.03890991210938,194.00236744942592,191.72780743235197,193.3269468870457,47471400
2024-06-05,194.5486297607422,195.5716800296083,193.55537589536917,194.08179923154876,54156800
2024-06-06,193.1680145263672,195.17439165110096,192.86010824182844,194.36985841579607,41181800
2024-06-07,195.56175231933594,195.6114180436154,192.83030419832767,193.33685821193552,53103900
2024-06-10,191.8171844482422,195.96899354752293,190.8537269722117,195.57168290202756,97010200
2024-06-11,205.75253295898438,205.762475197422,192.32375155853347,192.34360572370616,172373300
2024-06-12,211.6326141357422,218.7145040828182,205.50422428227435,205.97105482418652,198134300
2024-06-13,212.79470825195312,215.28776993558532,210.17251871917932,213.29133517221976,97862700
2024-06-14,211.05653381347656,213.71844708080008,209.87455920751867,212.40735976944958,70122700
2024-06-17,215.20831298828125,217.47293058672338,211.28496325493592,211.93057220447776,93728300
2024-06-18,212.8443603515625,217.15509356895643,211.56306955662498,216.12210108008887,79943300
2024-06-20,208.26548767089844,212.79473855973384,207.4411002029893,212.4868170943974,86172500
2024-06-21,206.09027099609375,210.46058238700795,205.71282963889428,208.97070143703453,241805100
2024-06-24,206.73587036132812,211.2651058128792,205.19632375372012,206.3187055335118,80727000
2024-06-25,207.65960693359375,209.95402109263304,207.20270345608853,207.73905391104032,55549700
2024-06-26,211.8114013671875,213.41054080672134,209.2190079939271,210.07320698316605,66213200
2024-06-27,212.65567016601562,214.28460598729217,210.91747580739147,213.24168634094727,49772700
2024-06-28,209.19912719726562,214.6123729638464,208.8812938369491,214.31439376890182,82542700
2024-07-01,215.28778076171875,216.0426482623776,210.4903626519942,210.65921399467373,60402900
2024-07-02,218.7840576171875,218.89331616082157,213.64893637809146,214.69184092859064,58046200
2024-07-03,220.05540466308594,220.05540466308594,217.55240059045883,218.5158580863075,37369800
2024-07-05,224.8130645751953,224.92232310094593,220.1547017635972,220.1547017635972,60412400
2024-07-08,226.2831268310547,226.31292323770106,221.7439489111218,225.55804052038548,59085900
2024-07-09,227.1372833251953,227.85242731023644,224.84286935479298,226.3923429370984,48076100
2024-07-10,231.40829467773438,231.50762613234983,227.70346178953022,227.75312751683794,62627700
2024-07-11,226.0347900390625,230.82226580227746,224.2469300453064,229.82901193417422,64710600
2024-07-12,228.9847412109375,231.07058040656065,227.13728840093884,227.37567478656334,53046500
2024-07-15,232.81871032714844,235.62962070976812,231.5175501306247,234.88468027763452,62631300
2024-07-16,233.2358856201172,234.67610072880163,230.76267797901863,233.41466404542834,43234300
2024-07-17,227.33596801757812,229.89856501704188,225.11107372236052,227.90211488577285,57345900
2024-07-18,222.66763305664062,228.88541164065143,220.7705297877149,228.72648739278685,66034600
2024-07-19,222.79676818847656,225.2699757257536,221.7737179376491,223.30333735062962,49151500
2024-07-22,222.4491424560547,226.24336434241772,221.58500128681854,225.47855462210336,48201800
2024-07-23,223.4920654296875,225.40905343076804,221.17778191166562,222.85638350906987,39960300
2024-07-24,217.06570434570312,223.2834835656707,215.66522784122517,222.48887740092556,61777600
2024-07-25,216.0227813720703,219.36011485373604,213.17213256832727,217.45305415919788,51391200
2024-07-26,216.48963928222656,218.00931662499272,214.55278194008886,217.22463751115632,41601300
2024-07-29,216.76773071289062,217.82057739339885,214.2945231128628,215.49636696784094,36311800
2024-07-30,217.32394409179688,218.84362126060284,214.66201590891492,217.71131248471113,41643800
2024-07-31,220.58181762695312,222.31008478832948,219.14160257039833,219.94613576688096,50036300
2024-08-01,216.88693237304688,222.96564167600837,215.55597572208578,222.8563831356547,62501000
2024-08-02,218.37680053710938,224.0780833133434,216.24131073912352,217.6715836076827,105568600
2024-08-05,207.8582305908203,212.05968999437758,194.67774819155974,197.74689884962459,119548600
2024-08-06,205.83200073242188,208.5733911865651,199.7135682482994,203.91502798694503,69660500
2024-08-07,208.404541015625,212.19876304064402,204.99767225034321,205.5042262843129,63516400
2024-08-08,211.87098693847656,212.7549823030523,207.42121371107248,211.67233918968967,47161100
2024-08-09,214.78121948242188,215.317569896599,210.54002126961797,210.66914912089348,42201600
2024-08-12,216.31260681152344,218.28152162650582,214.39341520959198,214.86078610016068,38028100
2024-08-13,220.0316925048828,220.64821789171992,217.7843306202791,217.7843306202791,44155300
2024-08-14,220.47914123535156,221.78180736898403,218.47044195323042,219.33558330044798,41960600
2024-08-15,223.46237182617188,224.08885093177264,221.51333414952188,223.3430482530648,46414000
2024-08-16,224.78492736816406,225.56056092969672,222.39834972442236,222.66684293368954,44340200
2024-08-19,224.62582397460938,224.72527040192085,221.791767703572,224.4567771868955,40687800
2024-08-20,225.24234008789062,225.89865006504533,224.18827476461456,224.50649118022673,30299000
2024-08-21,225.13296508789062,226.70412456960102,223.7905293550798,225.25230383574092,34765500
2024-08-22,223.27340698242188,227.0620817257826,222.64692794903723,226.51515678976367,43695300
2024-08-23,225.57049560546875,226.9427773475752,223.07454817990703,224.39710671028325,38677300
2024-08-26,225.90859985351562,226.00804628168004,222.6370187250734,225.49095216733542,30602200
2024-08-27,226.75384521484375,227.5692634267734,223.63141860700006,224.73520717839608,35934600
2024-08-28,225.22247314453125,228.57360836626125,224.41699349604747,226.64446298605537,38052200
2024-08-29,228.50399780273438,231.61648594304322,227.5991020536236,228.8122756660522,51906300
2024-08-30,227.71841430664062,229.11057321557684,226.2069166530855,228.90175696593346,52990800
2024-09-03,221.52330017089844,227.7184305167556,219.93224829880322,227.2709519194148,50190600
2024-09-04,219.61404418945312,220.5388322671096,216.26289369284987,220.4195086889333,43840200
2024-09-05,221.13548278808594,224.2181249188319,220.28029506440387,220.38968006999326,36615400
2024-09-06,219.58419799804688,223.97945984429646,218.54007124155592,222.69667077468378,48423000
2024-09-09,219.67369079589844,220.03167667908036,215.49719894103853,219.58419811845144,67180000
2024-09-10,218.878173828125,220.2405018848782,215.517084853391,217.69483113354613,51591000
2024-09-11,221.41392517089844,221.84151146647733,216.67061540858364,220.22064379959926,44587100
2024-09-12,221.52330017089844,222.29893378586118,218.58981250678085,221.2548069431359,37455600
2024-09-13,221.25479125976562,222.78616606005667,220.66809680320824,222.32874892129448,36766600
2024-09-16,215.109375,216.0043320914465,212.7227974671536,215.328129813119,59357400
2024-09-17,215.5767364501953,215.6861214463737,213.2995590231644,214.54256344637628,45519300
2024-09-18,219.45492553710938,221.46362499015893,216.322545198334,216.33249894497217,59894900
2024-09-19,227.58914184570312,228.53383738270648,223.37288038958053,223.7308662842885,66781300
2024-09-20,226.9228973388672,231.7855303113645,226.34614143297367,228.6829959505254,318679900
2024-09-23,225.2025909423828,228.16590950652684,224.54628090601008,226.06771724362264,54146000
2024-09-24,226.09751892089844,228.06644877557946,224.46669778796843,227.37035418692216,43556100
2024-09-25,225.10311889648438,226.01796830972677,222.76627973963284,223.6711754067507,42308700
2024-09-26,226.24668884277344,227.2212000254045,224.1484968482946,226.02791885863684,36636700
2024-09-27,226.51516723632812,228.2354962210898,226.02791923090672,227.18143093581907,34026000
2024-09-30,231.69601440429688,231.69601440429688,228.36475662569327,228.75257338192353,54541900
2024-10-01,224.9440460205078,228.364781673884,222.48786790384585,228.23551952322458,63285000
2024-10-02,225.51084899902344,226.09754348610434,221.77189689552054,224.62583039487592,32880600
2024-10-03,224.40704345703125,225.5406628776434,222.0702042586661,223.88001079844628,34044200
2024-10-04,225.5307159423828,226.72399710298305,222.87566042869454,226.6245506840192,37245100
2024-10-07,220.4493408203125,224.42695529805295,220.09135491038006,223.24361256318196,39505400
2024-10-08,224.50650024414062,224.71531649859696,222.00059897690352,223.0447257693685,31855700
2024-10-09,228.25540161132812,228.4642330490597,223.57176903047048,223.96952441146985,33591100
2024-10-10,227.7581787109375,228.21561101279016,225.89864895817115,226.50523572074002,28183500
2024-10-11,226.27655029296875,228.1261416619367,226.06771885321956,228.01675665509578,31759200
2024-10-14,230.00555419921875,230.43314046117197,227.32066753158787,227.4200987868959,39882100
2024-10-15,232.54127502441406,236.16090332060597,231.0695468532438,232.30261271123658,64751400
2024-10-16,230.4828643798828,230.82095796107367,228.5537189749549,230.30387901574463,34082200
2024-10-17,230.8507843017578,232.5412825211578,229.22991678936268,232.12361966628396,32993800
2024-10-18,233.68482971191406,234.8582185948981,232.7003647541102,234.8582185948981,46431500
2024-10-21,235.1565399169922,235.52447953691794,233.13790198735873,233.13790198735873,36254500
2024-10-22,234.5400390625,234.89802497361626,231.29828871484364,232.5810627118631,38846600
2024-10-23,229.4685516357422,233.8240439244486,226.48534106504323,232.76997861721128,52287000
2024-10-24,229.27964782714844,229.52824872985036,227.13173238618916,228.69293816499177,31109500
2024-10-25,230.1149444580078,231.91481257552053,228.2852454458818,228.4542922398222,38802300
2024-10-28,232.0937957763672,233.4163543943246,231.24856181455635,232.0142568404043,36087100
2024-10-29,232.36228942871094,233.01859945208068,231.01985366097637,231.7954872619061,35417200
2024-10-30,228.812255859375,232.1633908639167,228.26533088908346,231.30820323038637,47070900
2024-10-31,224.6457061767578,228.5437662121666,224.10871977089283,228.05650301771783,64370100
2024-11-01,221.66250610351562,224.08885327131992,219.03728125399175,219.73336072670745,65276700
2024-11-04,220.7675323486328,221.5431659237015,218.48041626355018,219.7532516264011,44944500
2024-11-05,222.19947814941406,222.6966799421733,219.90240829460964,220.55871830266648,28111300
2024-11-06,221.4735565185547,224.80481443000403,219.95212032394844,221.36417152277414,54561100
2024-11-07,226.20692443847656,226.6046949785728,223.31322152292373,223.37288331058951,42137700
2024-11-08,225.93814086914062,227.63048374280507,225.39061415381417,226.1471868576639,38328800
2024-11-11,223.22042846679688,224.68381119249955,220.50272420052974,223.98696589218596,42005600
2024-11-12,223.22042846679688,224.5743058460154,222.354350392842,223.53899499841924,40398300
2024-11-13,224.1063995361328,225.62950954483912,221.75702475308145,223.00139666804327,48566200
2024-11-14,227.1924591064453,227.83952645793332,223.98695568104733,224.00686988588794,44923900
2024-11-15,223.98695373535156,225.89830725108274,223.26024476090137,225.38064426033654,47923700
2024-11-18,226.99334716796875,228.70560410553932,224.15617317987807,224.23581480372863,44633700
2024-11-19,227.252197265625,229.123737666772,225.63949596937007,225.95804731142948,36211800
2024-11-20,227.9689483642578,228.89475383274825,224.8729502483013,227.0331781982001,35169600
2024-11-21,227.49110412597656,229.12371949855563,224.69375844400457,227.8494838511811,42108300
2024-11-22,228.83502197265625,229.68120098473537,227.0331737980822,227.0331737980822,38168300
2024-11-25,231.82151794433594,232.19981188776785,228.70562083004268,230.41787789282506,90152800
2024-11-26,234.0016632080078,234.50937670519198,232.27945661483375,232.27945661483375,45986200
2024-11-27,233.8722381591797,234.6288260383393,232.75728573526553,233.41431778082386,33498400
2024-11-29,236.2614288330078,236.73926339057397,232.91655654987127,233.75277082313372,28481400
2024-12-02,238.51126098632812,239.70585504150458,236.0922091638524,236.20171450499868,48137100
2024-12-03,241.5574951171875,241.66700046466846,237.82437898500294,238.73028547870095,38861000
2024-12-04,241.91587829589844,243.01093178619982,240.16380790150487,241.7765092325954,44383900
2024-12-05,241.9457244873047,243.43897085315564,241.0398332364883,242.891459337747,40033900
2024-12-06,241.7466278076172,243.52857697582414,240.99005511798387,241.81631992920728,36870600
2024-12-09,245.63902282714844,246.1268220997756,240.66153502923254,240.74117665680967,44649200
2024-12-10,246.65444946289062,247.09247084593116,244.23538234840328,245.77840669680953,36914800
2024-12-11,245.38021850585938,249.67081089954078,245.15124311202538,246.84360125039836,45205800
2024-12-12,246.84359741210938,247.62008434324935,244.57384885559844,245.77840766369866,32777500
2024-12-13,247.0128173828125,248.16758302178013,245.13132757947596,246.70421556592945,33155300
2024-12-16,249.9097137451172,250.2481944775453,246.53497744922532,246.87345818165343,51694800
2024-12-17,252.33872985839844,252.68716009783537,248.655391740455,248.95404406138837,51356400
2024-12-18,246.9331817626953,253.13512753347695,246.62457993830327,251.02467749046986,56774100
2024-12-19,248.66534423828125,250.86540066585474,245.97750369773615,246.3856613682502,60882300
2024-12-20,253.34420776367188,253.85190610745477,244.58382522076937,246.9232356335886,147495300
2024-12-23,254.12069702148438,254.49897581061583,252.30888395267968,253.62294818149482,40858800
2024-12-24,257.0375061035156,257.04744042152294,254.14058909817473,254.3397007808045,23234700
2024-12-26,257.853759765625,258.9289141129315,256.47003399402934,257.0275101814573,27237100
2024-12-27,254.43922424316406,257.53523753189216,251.92061656694878,256.66912911312295,42355300
2024-12-30,251.06448364257812,252.35863351915538,249.6210152068174,251.09434735441482,35557500
2024-12-31,249.29249572753906,252.1396193404696,248.3069476803406,251.30340504047,39480700
2025-01-02,242.75210571289062,247.97846832553566,240.73124671787497,247.80922035937212,55740700
2025-01-03,242.26431274414062,243.080612931882,240.80092995907523,242.26431274414062,40244100
2025-01-06,243.89691162109375,246.21642284830082,242.10501290585998,243.2100158477468,45045600
2025-01-07,241.11949157714844,244.44445006993732,240.2633629937866,241.8860138278822,40856000
2025-01-08,241.60726928710938,242.61273160476242,238.9692066706783,240.83078235887348,37628900
2025-01-10,235.78363037109375,239.07872524452853,231.95095824677452,238.9293914792433,61710900
2025-01-13,233.3446502685547,233.61343889555542,228.68572841435088,232.47857214721685,49630700
2025-01-14,232.22967529296875,235.05688478727922,231.4233246799516,233.69305795736565,39435300
2025-01-15,236.7989959716797,237.88409983929475,233.37448198930954,233.58354315722423,39832000
2025-01-16,227.23228454589844,236.9383864807084,227.0033243432251,236.28136958651152,71759100
2025-01-17,228.9445343017578,231.24413133243607,227.4512878984511,231.07489856287185,68488300
2025-01-21,221.6375732421875,223.40955766052627,218.39225670760806,222.9914505136237,98070400
2025-01-22,222.82223510742188,223.1109227348787,218.80041619812283,218.80041619812283,64126500
2025-01-23,222.65301513671875,226.0078374632505,221.29913768199057,223.72815445577547,60234800
2025-01-24,221.77694702148438,224.614121166801,220.4131202139208,223.76794215782238,54697900
2025-01-27,228.82508850097656,231.10477141655377,222.9715575076631,223.01138591977585,94863400
2025-01-28,237.187255859375,239.1085741517517,229.77080167884077,229.81063008981926,75707600
2025-01-29,238.2823028564453,238.78005164957875,232.9563846938824,233.06589003597526,45486100
2025-01-30,236.520263671875,239.70585285329432,236.14198492507634,237.59540286874542,55658300
2025-01-31,234.93743896484375,246.07705979363328,232.38896748106293,246.07705979363328,100959800
2025-02-03,226.9833984375,230.78620649590428,224.6838014511222,228.95449458875606,73063300
2025-02-04,231.75184631347656,232.08036234711574,225.62952690670866,226.2268315478868,45067300
2025-02-05,231.42335510253906,231.62245160759105,227.24226773608848,227.5010916736471,39620300
2025-02-06,232.16995239257812,232.74734282564026,229.39250557129796,230.24863411824003,29925300
2025-02-07,226.60511779785156,232.94643248808816,226.23677336593994,231.5527419594936,39707200
2025-02-10,226.8741912841797,229.80417456619486,226.42572786906877,228.7876615470872,33115600
2025-02-11,231.8272705078125,234.42837673351212,227.3525813044295,227.42233485023965,53718400
2025-02-12,236.06277465820312,236.15247950770552,229.89386689621963,230.41209906543347,45243300
2025-02-13,240.7069091796875,241.5141464162941,234.76722827404518,236.10265815205582,53614100
2025-02-14,243.7664337158203,244.71319316935814,240.1687356269457,240.4278440984732,40896200
2025-02-18,243.6368865966797,244.34445851454996,241.01584434943877,243.31796980618805,48822500
2025-02-19,244.03550720214844,245.17162160901916,242.33134319523683,243.8262313730556,32204200
2025-02-20,244.99224853515625,245.93900803040836,243.45748811790233,244.10528213544586,32316900
2025-02-21,244.71319580078125,247.84249441981407,244.38431857946645,245.11182656230832,53197400
2025-02-24,246.25791931152344,248.01191597096326,243.58704451830639,244.0953010258401,51326400
2025-02-25,246.1981201171875,249.14803959700342,244.0753891604379,247.15485528022737,48013300
2025-02-26,239.54087829589844,244.14512894194456,238.31507426807877,243.49735015822236,44433600
2025-02-27,236.49131774902344,241.6337368385667,236.25213016109495,238.5941277716784,41153600
2025-02-28,241.01583862304688,241.26498665715278,229.41550676334808,236.14250368420718,56833400
2025-03-03,237.21881103515625,243.1983635012748,235.3053560708129,240.96599177281342,47184000
2025-03-04,235.1259765625,239.25188262538288,233.88023638606123,236.89992456399492,53798100
2025-03-05,234.93663024902344,235.7438674276595,228.44880585950324,234.61771347352882,47227600
2025-03-06,234.5280303955078,237.04940729600818,232.3654272740836,233.64106399817908,45170400
2025-03-07,238.2552947998047,240.54744460053885,233.95996981993864,234.30878315837532,46273600
2025-03-10,226.70477294921875,235.35520052510583,223.45588808739058,234.73730306532093,72071200
2025-03-11,220.08741760253906,225.07037859810526,216.70897065581676,223.0472976504486,76137400
2025-03-12,216.2405548095703,220.99430349899413,214.17761702040198,219.3897895710681,62547500
2025-03-13,208.96543884277344,216.1010424274323,207.7097381833997,215.2140760046737,61368300
2025-03-14,212.76246643066406,213.22089031000854,208.86578742228792,210.53009451028822,60107600
2025-03-17,213.27072143554688,214.48656508270392,209.25445626243933,212.58307041465437,48073400
2025-03-18,211.96517944335938,214.41678753127792,210.76927194631702,213.43017106944268,42432400
2025-03-19,214.50648498535156,218.0144781615262,213.0215573102422,213.48995680484757,54385400
2025-03-20,213.37039184570312,216.74883872802718,211.49679368091097,213.2607660976187,48862900
2025-03-21,217.5261688232422,218.09421843072647,210.55998434888178,210.83902892918795,94127800
2025-03-24,219.977783203125,220.7252273230714,217.83511614199446,220.24686734420678,44299500
2025-03-25,222.9875030517578,223.33631640181736,219.33001153042758,220.01766257627696,34493600
2025-03-26,220.77503967285156,224.25315146564492,219.71865451354498,222.74828771017502,34466100
2025-03-27,223.08714294433594,224.22325730600966,219.8083464889556,220.63551973925667,37094800
2025-03-28,217.1574249267578,223.04728822423488,216.93817343567548,220.91458161653458,39818600
2025-03-31,221.37301635742188,224.8511131847691,215.49311362240712,216.27045427307317,65299300
2025-04-01,222.4293975830078,222.91771798921508,218.15400887457568,219.06091135294477,36412700
2025-04-02,223.12701416015625,224.4225869866718,220.2667995775576,220.56578026164416,35905900
2025-04-03,202.49755859375,206.78290782089874,200.56416741637668,204.83954098981803,103419000
2025-04-04,187.738037109375,199.19884701911502,186.70157274086588,193.2292544699453,125910900
2025-04-07,180.84161376953125,193.48835506739644,174.02491207450518,176.59612158290105,160466300
2025-04-08,171.83241271972656,189.6913418115003,168.63336050772435,186.06374707733985,120859500
2025-04-09,198.17234802246094,199.926344669284,171.30421792842867,171.3640110222038,184395900
2025-04-10,189.77108764648438,194.11623030966024,182.3763752402466,188.42569728108137,121880000
2025-04-11,197.47471618652344,198.85997858079665,185.42592149027786,185.46579368960585,87435900
2025-04-14,201.82984924316406,212.2143377637297,200.47448329230923,210.7194495182335,101352900
2025-04-15,201.45114135742188,202.81646776904176,199.11911932089467,201.1720967653651,51343900
2025-04-16,193.6079559326172,200.01603598224625,191.71442177543545,197.68401406478426,59732400
2025-04-17,196.3087158203125,198.15241736523095,193.75744237056688,196.5279673080365,52164700
2025-04-21,192.50172424316406,193.13954254760668,189.16313478921086,192.61134997705832,46742500
2025-04-22,199.059326171875,200.9030125684292,195.3021694205859,195.45165216386687,52976400
2025-04-23,203.90277099609375,207.29117840656184,202.10890198775584,205.29799399880645,52929200
2025-04-24,207.65989685058594,208.11833592046503,202.248408894664,204.1917605029567,47311000
2025-04-25,208.56680297851562,209.0352025034097,205.49729734578435,205.66671618569228,38222300
2025-04-28,209.4238739013672,210.77923983434187,206.7530142372406,209.2843516085664,38743100
2025-04-29,210.49021911621094,211.51670773820763,207.65988606249564,207.97880282615472,36827600
2025-04-30,211.7758331298828,212.8521544830753,205.96569903614,208.58674127234366,52286500
2025-05-01,212.59304809570312,213.82881264887993,208.18809734114114,208.3674918385056,57365700
2025-05-02,204.65020751953125,206.28461806468735,201.4710760745947,205.38767599056177,101010600
2025-05-05,198.21221923828125,203.4044712176219,197.5345438511527,202.40787903175757,69018500
2025-05-06,197.83349609375,199.96620262041338,196.34858356859348,197.5345306234426,51216500
2025-05-07,195.58120727539062,198.7603386318323,192.59143085844198,198.49125449640593,68536700
2025-05-08,196.81698608398438,199.3682595147921,194.0165494128041,197.04619801698016,50478900
2025-05-09,197.8534393310547,199.85658408831688,196.86680762308345,198.32183886048443,36453900
2025-05-12,210.34713745117188,210.82613996616402,206.31563192374182,210.52676720097676,63775800
2025-05-13,212.48263549804688,212.95164926547025,208.56089957562318,209.98788789546765,51909300
2025-05-14,211.88389587402344,213.49051386836734,210.13757262915965,211.98367663769176,49325800
2025-05-15,211.00575256347656,212.51258988469863,209.0997617101353,210.506803034962,45029500
2025-05-16,210.81614685058594,212.12340739052024,209.3292870180407,211.9138418912236,54737900
2025-05-19,208.3413543701172,209.0398806327114,203.83084657536088,207.47318710280226,46140500
2025-05-20,206.42539978027344,208.03201787298204,204.5992426766309,207.23369558110693,42496600
2025-05-21,201.6654052734375,206.60500227852873,200.28831500749223,204.73893602091724,59211800
2025-05-22,200.9369354248047,202.32401437172413,199.28041949489233,200.2883071907537,46742400
2025-05-23,194.85975646972656,197.28464391104225,193.05356158182016,193.26311186041877,78432900
2025-05-27,199.78936767578125,200.31825293342968,197.01519441683536,197.88337691051132,56288500
2025-05-28,199.99891662597656,202.30406088976383,199.48000488022652,200.16855762950956,45339700
2025-05-29,199.5299072265625,203.38179807643976,198.09293019267844,203.15228556391767,51396800
2025-05-30,200.4280242919922,201.53569281345096,196.36656797106642,198.95112277889336,70819900
2025-06-02,201.27622985839844,201.70533435611304,199.69954757512772,199.85921507319503,35423300
2025-06-03,202.84292602539062,203.34187550579085,200.53778186221837,200.92696184786135,46381600
2025-06-04,202.39389038085938,205.80670326672896,201.67540185470463,202.48369763994597,43604000
2025-06-05,200.20849609375,204.3198354061699,199.7294935749724,203.07246156364138,55126100
2025-06-06,203.49156188964844,205.26782088834017,201.62549563553227,202.57349663849442,46607700
2025-06-09,201.02676391601562,205.56720771427428,199.59977555964565,203.96058960802065,72862600
2025-06-10,202.2441864013672,203.92066462184746,200.14860765917956,200.1785434107301,54672600
2025-06-11,198.36236572265625,204.07034932786254,197.99314795828434,203.0724503091444,60989900
2025-06-12,198.78147888183594,199.26046614106752,196.94534836583952,198.66173587371065,43904600
2025-06-13,196.03726196289062,199.9490243445518,195.2888376882346,199.3103695725812,51447300
2025-06-16,198.0031280517578,198.27256505925683,196.1470352061455,196.8854859861783,43020700
2025-06-17,195.2289581298828,197.97318035709665,194.79986887227625,196.78567812068002,38856200
2025-06-18,196.16697692871094,197.15490236836843,194.66015499959357,195.52832221137376,45394700
2025-06-20,200.57769775390625,201.27622400422058,196.44639652864126,197.8235020126397,96813500
2025-06-23,201.07666015625,201.87498244787415,198.54200324907936,201.20639190632414,55814300
2025-06-24,199.87918090820312,203.0125832870988,199.77938491343542,202.16436301176623,54064000
2025-06-25,201.13653564453125,203.2421033073339,200.19850807531137,201.0267661369261,39525700
2025-06-26,200.57769775390625,202.2142514946699,199.04094000321476,201.00678701240994,50799100
2025-06-27,200.65753173828125,202.7930349784745,199.57979899649257,201.4658274879402,73188600
2025-06-30,204.7389373779297,206.95427439094752,198.84135059390303,201.58557286233471,91912800
2025-07-01,207.3833770751953,209.74839282792448,205.70689884063935,206.23578409144605,78788900
2025-07-02,211.99366760253906,212.8917706186518,207.7026988246806,208.47108532398713,67941800
2025-07-03,213.10134887695312,214.19902871499423,211.36499901814886,211.70428104663077,34955800
2025-07-07,209.50889587402344,215.77570049162512,208.36131809352125,212.23315593085263,50229000
2025-07-08,209.5687713623047,210.98578616820197,208.01205130024096,209.658593847986,42848900
2025-07-09,210.69639587402344,210.8859991217609,206.78463359109693,209.0897778625777,48749400
2025-07-10,211.96372985839844,213.03147386855414,209.58872537016995,210.06771262581316,44443600
2025-07-11,210.7163543701172,211.68431760849728,209.41908263784933,210.12759762046792,39765800
2025-07-14,208.1816864013672,210.46688365912564,207.10395364435493,209.48893166698292,38840100
2025-07-15,208.67066955566406,211.44482767792792,208.48106630115817,208.7804390594974,42296300
2025-07-16,209.71847534179688,211.95375954691573,208.2016644692293,209.8581806046168,47490500
2025-07-17,209.57875061035156,211.3550095983717,209.14964612579556,210.12759810142074,48068100
2025-07-18,210.73631286621094,211.34503189230253,209.25942654413325,210.42696659875526,48974600
2025-07-21,212.0335693359375,215.3266389893317,211.18536434566,211.65437808070223,51377400
2025-07-22,213.94955444335938,214.49840197701596,211.78411528941558,212.69220709721728,46404100
2025-07-23,213.7000732421875,214.69797228179937,211.9637386583707,214.54829351654996,46989300
2025-07-24,213.31088256835938,215.2368355364858,213.08137006420023,213.45058781785585,46022600
2025-07-25,213.43064880371094,214.7877920897316,212.95164630742312,214.24891808809048,40268800
2025-07-28,213.6002960205078,214.39861831079742,212.61237047326716,213.5803337758995,37858000
2025-07-29,210.8261260986328,214.3586818606333,210.37707459375494,213.73000061776605,51411700
2025-07-30,208.6107940673828,211.94377315400357,207.28358653790625,211.454797150492,45512500
2025-07-31,207.1339111328125,209.39913099136336,206.72476887181696,208.0519764228089,80698400
2025-08-01,201.95481872558594,213.1312852679161,201.07666267114303,210.4269720875647,104434500
2025-08-04,202.9227752685547,207.44325668811337,201.25627047720934,204.0803265791815,75109300
2025-08-05,202.49366760253906,204.90858140720596,201.73526982787092,202.97265486934364,44155100
2025-08-06,212.80197143554688,214.9275012748427,205.15806109322384,205.19798558200998,108483100
2025-08-07,219.56771850585938,220.38600300495352,216.12496995802366,218.42014073215765,90224800
2025-08-08,228.86814880371094,230.5146761138317,218.78936250198095,220.36604479784603,113854000
2025-08-11,226.95997619628906,229.33767612130436,224.54232171734583,227.6992650180531,61806100
2025-08-12,229.42758178710938,230.57647717809445,226.8500938879156,227.78917070894937,55626200
2025-08-13,233.10403442382812,234.77241529044048,230.2068337695816,230.8462285986664,69878500
2025-08-14,232.5545654296875,234.89229562265464,230.6264418350812,233.83332460758467,51916300
2025-08-15,231.36570739746094,234.0531046408583,229.11788646444978,233.77337703316005,56038700
2025-08-18,230.66639709472656,232.89423321308522,229.88715369469057,231.47561022214762,37476200
2025-08-19,230.3367156982422,232.64447617946885,229.1278960385577,231.05601964615855,39402600
2025-08-20,225.79110717773438,230.24679444121838,225.55134937034353,229.75726351111018,42263900
2025-08-21,224.68218994140625,226.30063142153253,223.56327948127884,226.05087353353895,30621200
2025-08-22,227.53941345214844,228.8681272027074,225.1916985271248,225.95095699429655,42477800
2025-08-25,226.94000244140625,229.07792927219558,226.01089520624416,226.26065308481304,30983100
2025-08-26,229.08792114257812,229.26775474756235,224.4724002828088,226.65028173376106,54575100
2025-08-27,230.26678466796875,230.676376013076,228.03893336267103,228.38860049855515,31259500
2025-08-28,232.33477783203125,233.18396075811214,229.11789497993007,230.59647266873003,38074700
2025-08-29,231.91517639160156,233.15398096397084,231.145917853049,232.28481317583598,39418400
2025-09-02,229.49752807617188,230.62643860177437,226.75019132336067,229.02798202980685,44075600
2025-09-03,238.2390594482422,238.6186963224971,234.133039090421,236.98028515930878,66427800
2025-09-04,239.5477752685547,239.66765417218173,236.51072617258424,238.21906152531412,47549400
2025-09-05,239.45787048339844,241.08629675958926,238.25903569310344,239.76756781945676,54870400
2025-09-08,237.64962768554688,239.91741830634814,236.11111057683257,239.06825064349684,48999500
2025-09-09,234.123046875,238.5487492683241,233.13400016518182,236.77047435136637,66313900
2025-09-10,226.5703582763672,232.19491077497392,225.73117543382176,231.96513778704139,83440800
2025-09-11,229.80722045898438,230.22681187017153,226.43048902665416,226.66027725307507,50208600
2025-09-12,233.84332275390625,234.28288383192944,228.79821036620638,228.9980136278554,55824200
2025-09-15,236.47076416015625,237.95932665324483,234.80238330570734,236.77047667310174,42699500
2025-09-16,237.9193572998047,240.98639147239973,236.09114297984144,236.9502954777413,63421100
2025-09-17,238.75856018066406,239.86748583209587,237.4997706474641,238.73857528095925,46508000
2025-09-18,237.64962768554688,240.9664044724694,236.4208079152849,239.737599946219,44249600
2025-09-19,245.26223754882812,246.06146581163878,239.9773675285625,240.99636870073516,163741300
2025-09-22,255.8319854736328,256.3914711896616,247.8797028858207,248.05953649140056,105517400
2025-09-23,254.18359375,257.0907792625319,253.33442606621003,255.63220171436936,60275200
2025-09-24,252.06564331054688,255.4923293909784,250.79686899703333,254.9728287261993,42303700
2025-09-25,256.6212158203125,256.9209435623003,251.466224879955,252.96477212582877,55202100
2025-09-26,255.2126007080078,257.3505275669758,253.5342198150173,253.8539172209246,46076300
2025-09-29,254.18359375,254.75304905914027,252.76497075706976,254.31347273152574,40127700
2025-09-30,254.38340759277344,255.67215158054225,252.8648753735947,254.61318058017173,37704300
2025-10-01,255.20260620117188,258.53938316103813,254.6831055272507,254.7929996074261,48713900
2025-10-02,256.8809814453125,257.9299523535748,253.9038565188199,256.33149581258533,42630200
2025-10-03,257.7701110839844,258.9889308017334,253.70406057825727,254.42336451804394,49155600
2025-10-06,256.44140625,258.819106172963,254.80299514816292,257.7401350456914,44664100
2025-10-07,256.23162841796875,257.15072039039774,255.18262697514498,256.56129542181253,31955800
2025-10-08,257.8100891113281,258.2696351050741,255.8619653198879,256.2715719294531,36496900
2025-10-09,253.79396057128906,257.75013209688524,252.8948383011137,257.5603136690899,38322000
2025-10-10,245.032470703125,256.13171175032437,243.76369637579657,254.69310389004832,61999100
2025-10-13,247.42015075683594,249.44818352992385,245.32217845998096,249.13848619669534,38142900
2025-10-14,247.53004455566406,248.60900042906025,244.46301046499008,246.36117950382103,35478000
2025-10-15,249.09852600097656,251.5761352503302,247.2303418581919,249.24838988167792,33893600
2025-10-16,247.21035766601562,248.79881419551728,244.8926123625184,248.00958596667436,39777000
2025-10-17,252.045654296875,253.13461023404025,247.03052706557392,247.77980070207627,49147000
2025-10-20,261.98602294921875,264.1239650925819,255.3824390623343,255.64218177653177,90483000
2025-10-21,262.5155029296875,265.03308188579996,261.5764108568555,261.6263807259345,46695900
2025-10-22,258.19970703125,262.5954395959732,255.18261234613632,262.3956210979312,45015300
2025-10-23,259.3285827636719,260.36758405794774,257.76012648314656,259.68824995662277,32754900
2025-10-24,262.56549072265625,263.87421967110856,258.9290010880386,260.93706434715574,38253700
2025-10-27,268.5496520996094,268.8593494221352,264.3936774471076,264.6234656652487,44888200
2025-10-28,268.7394714355469,269.6286240979669,267.8902885694659,268.7294713644567,41534800
2025-10-29,269.4388122558594,271.1471476128123,266.85129379808274,269.01920560410514,51086700
2025-10-30,271.13714599609375,273.87451306817263,268.2199910571769,271.72657092903916,69886500
2025-10-31,270.108154296875,277.05143573891627,268.89933466249033,276.721738255342,86167100
